<repast.simphony.visualization.engine.DefaultDisplayDescriptor>
  <name>raster Chize</name>
  <type>TWO_D</type>
  <styles>
    <entry>
      <string>presentation.display.C_Background</string>
      <string>repast.simphony.visualization.editedStyle.EditedStyle2D</string>
    </entry>
    <entry>
      <string>thing.ground.C_BurrowSystem</string>
      <string>repast.simphony.visualization.editedStyle.EditedStyle2D</string>
    </entry>
    <entry>
      <string>thing.C_Rodent</string>
      <string>presentation.display.C_StyleAgent</string>
    </entry>
  </styles>
  <editedStyles>
    <entry>
      <string>presentation.display.C_Background</string>
      <string>presentation.display.C_Background.style_3.xml</string>
    </entry>
    <entry>
      <string>thing.ground.C_BurrowSystem</string>
      <string>thing.ground.C_BurrowSystem.style_1.xml</string>
    </entry>
    <entry>
      <string>thing.C_Rodent</string>
      <null/>
    </entry>
  </editedStyles>
  <netStyles/>
  <editedNetStyles/>
  <frequency>ON_MOVE</frequency>
  <schedParams>
    <start>1.0</start>
    <interval>1.0</interval>
    <priority>-Infinity</priority>
    <pType>LAST</pType>
    <duration>-1.0</duration>
    <frequency>REPEAT</frequency>
    <hashCode>1781672460</hashCode>
  </schedParams>
  <layoutClassName>foo.bar.baz</layoutClassName>
  <valueLayerStyleName>presentation.display.C_Style2dAffinityType</valueLayerStyleName>
  <layoutProjection>space</layoutProjection>
  <layoutInterval>0</layoutInterval>
  <layerOrder>
    <entry>
      <string>presentation.display.C_Background</string>
      <int>0</int>
    </entry>
    <entry>
      <string>thing.C_Rodent</string>
      <int>2</int>
    </entry>
    <entry>
      <string>thing.ground.C_BurrowSystem</string>
      <int>1</int>
    </entry>
  </layerOrder>
  <projections>
    <repast.simphony.scenario.data.ProjectionData>
      <id>space</id>
      <attributes/>
      <type>CONTINUOUS_SPACE</type>
    </repast.simphony.scenario.data.ProjectionData>
  </projections>
  <valueLayers>
    <string>valuegrid</string>
  </valueLayers>
  <visualizationProperties class="repast.simphony.visualization.UnitSizeLayoutProperties">
    <unitSize>15.0</unitSize>
  </visualizationProperties>
  <projectionDescriptors>
    <entry>
      <string>space</string>
      <repast.simphony.visualization.continuous.ContinuousProjectionDescriptor>
        <proj reference="../../../../projections/repast.simphony.scenario.data.ProjectionData"/>
        <props>
          <entry>
            <string>repast.simphony.visualization.continuous.ContinuousDecorator</string>
            <map>
              <entry>
                <string>UNIT_SIZE</string>
                <float>15.0</float>
              </entry>
              <entry>
                <string>SHOW</string>
                <boolean>true</boolean>
              </entry>
              <entry>
                <string>COLOR</string>
                <int>-1</int>
              </entry>
            </map>
          </entry>
          <entry>
            <string>repast.simphony.visualization.continuous.ContinuousDecorator
						</string>
            <map>
              <entry>
                <string>UNIT_SIZE</string>
                <float>15.0</float>
              </entry>
              <entry>
                <string>SHOW</string>
                <boolean>false</boolean>
              </entry>
              <entry>
                <string>COLOR</string>
                <int>-16777216</int>
              </entry>
            </map>
          </entry>
        </props>
      </repast.simphony.visualization.continuous.ContinuousProjectionDescriptor>
    </entry>
  </projectionDescriptors>
  <props/>
  <backgroundColor>
    <red>204</red>
    <green>204</green>
    <blue>204</blue>
    <alpha>255</alpha>
  </backgroundColor>
</repast.simphony.visualization.engine.DefaultDisplayDescriptor>