step_mn;Tick;Date;HourDate;objects;PopSize;SexRatio;meanFemaleDispersal;meanMaleDispersal;maxFemaleDispersal;maxMaleDispersal;dispersedRodents;nbBirth;nbDeath;Tick;En. gerbils;En. owls;En. shrubs; En. grass; En. crop; En. trees; En. burrows;;tick;NbBurrows;wanderers(%);Tick;ObservedHetero;ExpectedHetero;FIS;MeanAllelicRichness;NumRun
360;0.0;01/02/2023;01 févr. 2023 - 06:00:00;572;463;0.9871244635193133;5.158221081781658;5.5708693253279264;19.9601831173252;20.07279657301302;463;0;0;0.0;;0.0;50;1.0;0.0;0.97343;0.9705;-0.00301;57.2;
360;1.0;01/02/2023;01 févr. 2023 - 12:00:00;552;443;1.0228310502283104;20.37646373855352;19.30968755163226;85.11419446700812;71.06931983667533;443;0;25;1.0;;1.0;50;1.0;1.0;0.97358;0.9704;-0.00327;57.0;
360;2.0;01/02/2023;01 févr. 2023 - 18:00:00;537;428;1.0380952380952382;27.033047524182273;25.073690964123003;90.22940012615038;80.94931677800277;428;0;21;2.0;;2.0;50;1.0;2.0;0.97266;0.9703;-0.00243;56.9;
360;3.0;02/02/2023;02 févr. 2023 - 00:00:00;532;423;1.0434782608695652;33.13421676734903;31.149553954631738;96.97539699231066;86.56364853171492;423;0;12;3.0;;3.0;50;1.0;3.0;0.97281;0.9702;-0.00269;56.9;
360;4.0;02/02/2023;02 févr. 2023 - 06:00:00;527;418;1.0693069306930694;37.601677694897184;35.91946196013848;101.10371304471836;98.95031171847863;418;0;14;4.0;;4.0;50;1.0;4.0;0.97153;0.9702;-0.00137;56.8;
360;5.0;02/02/2023;02 févr. 2023 - 12:00:00;513;405;1.066326530612245;42.646060752491515;41.176595110028614;127.80643681011558;106.1705287092746;405;0;16;5.0;;5.0;49;1.0;5.0;0.97185;0.9701;-0.0018;56.6;
360;6.0;02/02/2023;02 févr. 2023 - 18:00:00;511;403;1.0666666666666667;47.4739990714063;45.40297784780489;127.80643681011558;117.49605948566783;403;0;5;6.0;;6.0;49;1.0;6.0;0.97196;0.9702;-0.00181;56.7;
360;7.0;03/02/2023;03 févr. 2023 - 00:00:00;504;396;1.0952380952380953;50.9964323541594;48.78795451796412;135.59624795369754;129.7133098583132;396;0;8;7.0;;7.0;49;1.0;7.0;0.97171;0.9703;-0.00145;56.5;
360;8.0;03/02/2023;03 févr. 2023 - 06:00:00;500;395;1.068062827225131;53.30895816041522;51.21485242092571;138.2792879572726;135.59624795369754;395;0;5;8.0;;8.0;46;1.0;8.0;0.97139;0.9703;-0.00112;56.2;
360;9.0;03/02/2023;03 févr. 2023 - 12:00:00;499;394;1.0846560846560847;55.41151916497872;53.3942154531994;138.89460060928636;138.08516029059948;394;0;5;9.0;;9.0;46;1.0;9.0;0.97157;0.9703;-0.0013;56.3;
360;10.0;03/02/2023;03 févr. 2023 - 18:00:00;495;393;1.068421052631579;56.838465318278864;55.889009158570616;149.11561885991574;144.07923102290027;393;0;7;10.0;;10.0;43;1.0;10.0;0.97124;0.9704;-8.6E-4;56.3;
360;11.0;04/02/2023;04 févr. 2023 - 00:00:00;486;390;1.0207253886010363;57.81769700699906;57.754220051886435;156.27545211504886;148.4356887893437;390;0;9;11.0;;11.0;37;1.0;11.0;0.97128;0.9703;-0.001;56.3;
360;12.0;04/02/2023;04 févr. 2023 - 06:00:00;475;383;1.0481283422459893;60.235427578685965;60.03669231450324;164.61874854152438;156.27545211504886;383;0;9;12.0;;12.0;33;1.0;12.0;0.97101;0.9701;-9.3E-4;56.1;
360;13.0;04/02/2023;04 févr. 2023 - 12:00:00;470;382;1.053763440860215;61.60491442109233;61.05288455109947;173.0582441855523;164.61874854152438;382;0;4;13.0;;13.0;29;1.0;13.0;0.97172;0.9701;-0.00166;56.1;
360;14.0;04/02/2023;04 févr. 2023 - 18:00:00;461;377;1.048913043478261;63.24489800800631;62.92537087991686;176.38795249185895;164.61874854152438;377;0;5;14.0;;14.0;25;1.0;14.0;0.97135;0.9701;-0.00128;56.0;
360;15.0;05/02/2023;05 févr. 2023 - 00:00:00;462;379;1.059782608695652;64.1324113166994;63.90752619662051;176.38795249185895;164.61874854152438;379;0;1;15.0;;15.0;24;1.0;15.0;0.97124;0.97;-0.00127;55.9;
360;16.0;05/02/2023;05 févr. 2023 - 06:00:00;458;375;1.0380434782608696;64.18136632373954;65.43060356651833;180.85255894211727;164.61874854152438;375;0;7;16.0;;16.0;24;1.0;16.0;0.97093;0.97;-9.5E-4;55.8;
360;17.0;05/02/2023;05 févr. 2023 - 12:00:00;460;378;1.0655737704918034;65.13729293143453;65.05254167210343;183.1491714026759;169.16304558758017;378;0;4;17.0;;17.0;23;1.0;17.0;0.97089;0.97;-9.1E-4;55.7;
360;18.0;05/02/2023;05 févr. 2023 - 18:00:00;453;373;1.0722222222222222;66.20958748069357;66.7950586899452;183.1491714026759;175.73373054011495;373;0;7;18.0;;18.0;21;1.0;18.0;0.97077;0.97;-7.9E-4;55.6;
360;19.0;06/02/2023;06 févr. 2023 - 00:00:00;450;371;1.0611111111111111;67.16161672382665;67.41386341449878;183.1491714026759;175.73373054011495;371;0;5;19.0;;19.0;20;1.0;19.0;0.97115;0.9701;-0.00108;55.6;
360;20.0;06/02/2023;06 févr. 2023 - 06:00:00;448;369;1.0730337078651686;68.2391265294463;68.54159397880461;185.27074884434475;182.78665624677768;369;0;4;20.0;;20.0;20;1.0;20.0;0.97154;0.97;-0.00158;55.4;
360;21.0;06/02/2023;06 févr. 2023 - 12:00:00;441;366;1.0677966101694916;69.7411327379947;69.87976730207383;187.44756612355715;185.24608171398913;366;0;4;21.0;;21.0;16;1.0;21.0;0.97131;0.9702;-0.00114;55.4;
360;22.0;06/02/2023;06 févr. 2023 - 18:00:00;438;364;1.0564971751412429;70.98365338436989;71.3010046254254;194.92978162849755;185.24608171398913;364;0;2;22.0;;22.0;15;1.0;22.0;0.97115;0.9702;-9.7E-4;55.4;
360;23.0;07/02/2023;07 févr. 2023 - 00:00:00;440;366;1.0795454545454546;71.83093768786615;71.23458907095105;194.92978162849755;185.24608171398913;366;0;1;23.0;;23.0;15;1.0;23.0;0.97131;0.9702;-0.00114;55.4;
360;24.0;07/02/2023;07 févr. 2023 - 06:00:00;434;361;1.0747126436781609;72.9286107745716;72.9795128585615;194.92978162849755;185.24608171398913;361;0;5;24.0;;24.0;14;1.0;24.0;0.97146;0.97;-0.0015;55.4;
360;25.0;07/02/2023;07 févr. 2023 - 12:00:00;432;360;1.0689655172413792;73.8535559166366;74.63242622964343;194.92978162849755;195.3582410166439;360;0;1;25.0;;25.0;13;1.0;25.0;0.97194;0.97009;-0.0019;55.4;
360;26.0;07/02/2023;07 févr. 2023 - 18:00:00;433;362;1.0685714285714285;74.21257948368043;75.3023116147276;194.92978162849755;195.3582410166439;362;0;0;26.0;;26.0;12;1.0;26.0;0.97127;0.97009;-0.00121;55.4;
360;27.0;08/02/2023;08 févr. 2023 - 00:00:00;433;364;1.0681818181818181;73.77587077539381;75.19057476669333;195.97745045414672;195.3582410166439;364;0;4;27.0;;27.0;10;1.0;27.0;0.9717;0.97;-0.00175;55.4;
360;28.0;08/02/2023;08 févr. 2023 - 06:00:00;426;358;1.0813953488372092;74.50300546861268;76.71999625879654;195.97745045414672;195.3582410166439;358;0;7;28.0;;28.0;9;1.0;28.0;0.97122;0.9702;-0.00105;55.3;
360;29.0;08/02/2023;08 févr. 2023 - 12:00:00;424;358;1.069364161849711;74.67640812641793;78.01727806667124;195.97745045414672;196.17875371778115;358;0;2;29.0;;29.0;7;1.0;29.0;0.97122;0.97009;-0.00116;55.3;
360;30.0;08/02/2023;08 févr. 2023 - 18:00:00;423;358;1.069364161849711;75.06893751016062;78.92134579209562;195.97745045414672;197.30452537667585;358;0;2;30.0;;30.0;6;1.0;30.0;0.97122;0.9699;-0.00136;55.3;
360;31.0;09/02/2023;09 févr. 2023 - 00:00:00;420;357;1.0635838150289016;75.7900705816382;80.01087887885849;195.97745045414672;201.36254300102567;357;0;2;31.0;;31.0;4;1.0;31.0;0.97114;0.9699;-0.00127;55.3;
360;32.0;09/02/2023;09 févr. 2023 - 06:00:00;420;358;1.0935672514619883;76.15267895261331;79.38955651531778;196.5509960680577;202.78601062970571;358;0;4;32.0;;32.0;3;1.0;32.0;0.9715;0.97;-0.00154;55.4;
360;33.0;09/02/2023;09 févr. 2023 - 12:00:00;416;354;1.1325301204819278;76.80863478827563;79.5628639002104;196.5509960680577;202.78601062970571;354;0;7;33.0;;33.0;3;1.0;33.0;0.97175;0.97009;-0.00171;55.4;
360;34.0;09/02/2023;09 févr. 2023 - 18:00:00;415;353;1.1011904761904763;76.77758870623909;80.25260590332779;197.375153784334;205.22978209402484;353;0;4;34.0;;34.0;3;1.0;34.0;0.97167;0.97009;-0.00162;55.4;
360;35.0;10/02/2023;10 févr. 2023 - 00:00:00;414;352;1.1204819277108433;77.85244072239668;80.92678247798825;197.375153784334;215.64997207533628;352;0;3;35.0;;35.0;3;1.0;35.0;0.97159;0.97009;-0.00154;55.4;
360;36.0;10/02/2023;10 févr. 2023 - 06:00:00;409;348;1.1090909090909091;78.99740459480245;81.82937925295155;197.375153784334;215.64997207533628;348;0;4;36.0;;36.0;2;1.0;36.0;0.97126;0.97009;-0.0012;55.4;
360;37.0;10/02/2023;10 févr. 2023 - 12:00:00;407;346;1.096969696969697;79.78596986091107;82.87866681170023;197.375153784334;215.64997207533628;346;0;2;37.0;;37.0;2;1.0;37.0;0.97109;0.97009;-0.00103;55.3;
360;38.0;10/02/2023;10 févr. 2023 - 18:00:00;407;346;1.0843373493975903;80.18266067870977;83.6493236276435;197.375153784334;215.64997207533628;346;0;1;38.0;;38.0;2;1.0;38.0;0.97109;0.97009;-0.00103;55.3;
360;39.0;11/02/2023;11 févr. 2023 - 00:00:00;406;345;1.0658682634730539;80.69978491556445;84.54888297861771;197.375153784334;215.64997207533628;345;0;2;39.0;;39.0;2;1.0;39.0;0.97072;0.9702;-5.3E-4;55.3;
360;40.0;11/02/2023;11 févr. 2023 - 06:00:00;403;342;1.0602409638554218;81.09260731747268;85.08891903757345;197.375153784334;215.64997207533628;342;0;3;40.0;;40.0;2;1.0;40.0;0.97076;0.9702;-5.7E-4;55.3;
360;41.0;11/02/2023;11 févr. 2023 - 12:00:00;406;345;1.0535714285714286;81.01576489856741;85.22242708816071;197.375153784334;215.64997207533628;345;0;0;41.0;;41.0;2;1.0;41.0;0.97072;0.9702;-5.3E-4;55.5;
360;42.0;11/02/2023;11 févr. 2023 - 18:00:00;405;344;1.0476190476190477;82.1271446053444;86.21031282129661;197.375153784334;215.64997207533628;344;0;3;42.0;;42.0;2;1.0;42.0;0.97063;0.9702;-4.4E-4;55.5;
360;43.0;12/02/2023;12 févr. 2023 - 00:00:00;405;344;1.084848484848485;83.73923715600637;85.50112125881564;197.375153784334;215.64997207533628;344;0;3;43.0;;43.0;2;1.0;43.0;0.97034;0.9701;-2.4E-4;55.5;
360;44.0;12/02/2023;12 févr. 2023 - 06:00:00;404;343;1.0914634146341464;84.71765514923;85.85273209340346;197.375153784334;215.64997207533628;343;0;3;44.0;;44.0;2;1.0;44.0;0.97055;0.97;-5.6E-4;55.4;
360;45.0;12/02/2023;12 févr. 2023 - 12:00:00;402;341;1.0920245398773005;85.21761307378955;86.8865336482665;199.66889639080165;215.64997207533628;341;0;3;45.0;;45.0;2;1.0;45.0;0.97038;0.97;-3.9E-4;55.5;
360;46.0;12/02/2023;12 févr. 2023 - 18:00:00;404;343;1.1042944785276074;85.95704181702233;86.57984408723885;199.66889639080165;215.64997207533628;343;0;2;46.0;;46.0;2;1.0;46.0;0.97055;0.9699;-6.7E-4;55.5;
360;47.0;13/02/2023;13 févr. 2023 - 00:00:00;401;340;1.125;87.6835465116456;87.08702593399643;199.66889639080165;215.64997207533628;340;0;4;47.0;;47.0;2;1.0;47.0;0.97058;0.9699;-7.0E-4;55.4;
360;48.0;13/02/2023;13 févr. 2023 - 06:00:00;401;340;1.1383647798742138;88.58802623113719;87.57336153875184;199.66889639080165;215.64997207533628;340;0;1;48.0;;48.0;2;1.0;48.0;0.97088;0.9698;-0.00111;55.4;
360;49.0;13/02/2023;13 févr. 2023 - 12:00:00;400;339;1.1320754716981132;89.25562256415861;88.3426834746459;200.76483918849846;215.64997207533628;339;0;2;49.0;;49.0;2;1.0;49.0;0.9705;0.9698;-7.2E-4;55.4;
360;50.0;13/02/2023;13 févr. 2023 - 18:00:00;392;331;1.10828025477707;89.86049237099492;89.31263900566191;200.76483918849846;215.64997207533628;331;0;8;50.0;;50.0;2;1.0;50.0;0.97039;0.9699;-5.0E-4;55.2;
360;51.0;14/02/2023;14 févr. 2023 - 00:00:00;392;331;1.1217948717948718;90.62949038461181;89.37371538738829;203.59629492237156;215.64997207533628;331;0;2;51.0;;51.0;2;1.0;51.0;0.97039;0.9698;-6.0E-4;55.2;
360;52.0;14/02/2023;14 févr. 2023 - 06:00:00;390;329;1.1225806451612903;91.05603048268318;90.30113426273053;203.59629492237156;215.64997207533628;329;0;3;52.0;;52.0;2;1.0;52.0;0.97021;0.9698;-4.2E-4;55.2;
360;53.0;14/02/2023;14 févr. 2023 - 12:00:00;387;326;1.130718954248366;92.17766267561805;91.20205452790593;203.59629492237156;215.64997207533628;326;0;4;53.0;;53.0;2;1.0;53.0;0.96993;0.9698;-1.3E-4;55.2;
360;54.0;14/02/2023;14 févr. 2023 - 18:00:00;385;324;1.1456953642384107;92.54442334912537;92.38733820531914;203.59629492237156;215.64997207533628;324;0;4;54.0;;54.0;2;1.0;54.0;0.97067;0.9698;-8.9E-4;55.1;
360;55.0;15/02/2023;15 févr. 2023 - 00:00:00;381;320;1.119205298013245;92.43952843034232;93.7785672196472;203.59629492237156;215.64997207533628;320;0;5;55.0;;55.0;2;1.0;55.0;0.97062;0.9699;-7.4E-4;55.0;
360;56.0;15/02/2023;15 févr. 2023 - 06:00:00;380;319;1.1266666666666667;91.84030093663456;94.28314453515299;203.59629492237156;215.64997207533628;319;0;3;56.0;;56.0;2;1.0;56.0;0.97021;0.96969;-5.3E-4;55.1;
360;57.0;15/02/2023;15 févr. 2023 - 12:00:00;377;316;1.135135135135135;93.08396773446582;94.21902526018427;203.59629492237156;215.64997207533628;316;0;4;57.0;;57.0;2;1.0;57.0;0.97025;0.9697;-5.6E-4;55.1;
360;58.0;15/02/2023;15 févr. 2023 - 18:00:00;375;314;1.1073825503355705;93.15741566369329;95.09079488790879;210.70302976428047;215.64997207533628;314;0;3;58.0;;58.0;2;1.0;58.0;0.97038;0.9698;-5.9E-4;55.1;
360;59.0;16/02/2023;16 févr. 2023 - 00:00:00;375;314;1.1216216216216217;93.68068711393886;94.81114014864373;211.34769713499284;215.64997207533628;314;0;2;59.0;;59.0;2;1.0;59.0;0.97038;0.9698;-5.9E-4;55.1;
360;60.0;16/02/2023;16 févr. 2023 - 06:00:00;373;312;1.1224489795918366;93.91616663282304;95.59989397876001;211.34769713499284;215.64997207533628;312;0;2;60.0;;60.0;2;1.0;60.0;0.97019;0.9697;-5.0E-4;55.1;
360;61.0;16/02/2023;16 févr. 2023 - 12:00:00;373;312;1.1224489795918366;94.56191439067292;96.23088360111208;211.34769713499284;215.64997207533628;312;0;0;61.0;;61.0;2;1.0;61.0;0.97019;0.9697;-5.0E-4;55.1;
360;62.0;16/02/2023;16 févr. 2023 - 18:00:00;375;314;1.1216216216216217;94.8264381195687;96.48263662558813;211.34769713499284;215.64997207533628;314;0;0;62.0;;62.0;2;1.0;62.0;0.96974;0.9698;6.0E-5;55.2;
360;63.0;17/02/2023;17 févr. 2023 - 00:00:00;375;314;1.1073825503355705;94.86917819798437;97.18258493152334;211.34769713499284;215.64997207533628;314;0;2;63.0;;63.0;2;1.0;63.0;0.96974;0.9699;1.6E-4;55.3;
360;64.0;17/02/2023;17 févr. 2023 - 06:00:00;369;308;1.0952380952380953;95.89063976299823;98.03639495621549;211.34769713499284;215.64997207533628;308;0;6;64.0;;64.0;2;1.0;64.0;0.96948;0.9699;4.3E-4;55.1;
360;65.0;17/02/2023;17 févr. 2023 - 12:00:00;365;304;1.082191780821918;97.44032764540773;98.99711800687882;213.52755766490526;215.64997207533628;304;0;4;65.0;;65.0;2;1.0;65.0;0.9694;0.97;6.1E-4;54.9;
360;66.0;17/02/2023;17 févr. 2023 - 18:00:00;364;303;1.0753424657534247;96.99935880662058;99.89801958787672;213.52755766490526;215.64997207533628;303;0;3;66.0;;66.0;2;1.0;66.0;0.96864;0.9699;0.00129;54.9;
360;67.0;18/02/2023;18 févr. 2023 - 00:00:00;362;301;1.0616438356164384;97.68301006329709;100.41331285297011;213.52755766490526;215.64997207533628;301;0;3;67.0;;67.0;2;1.0;67.0;0.96877;0.9699;0.00116;54.9;
360;68.0;18/02/2023;18 févr. 2023 - 06:00:00;362;301;1.0476190476190477;97.69182584060783;101.20050481035771;213.52755766490526;215.64997207533628;301;0;1;68.0;;68.0;2;1.0;68.0;0.96877;0.97;0.00126;54.8;
360;69.0;18/02/2023;18 févr. 2023 - 12:00:00;361;300;1.0547945205479452;98.68557732759781;102.0917607371578;213.52755766490526;215.64997207533628;300;0;1;69.0;;69.0;2;1.0;69.0;0.96866;0.9699;0.00127;54.8;
360;70.0;18/02/2023;18 févr. 2023 - 18:00:00;360;299;1.0620689655172413;98.97510778144431;102.90753835488303;213.52755766490526;215.64997207533628;299;0;2;70.0;;70.0;2;1.0;70.0;0.96889;0.96979;9.2E-4;54.8;
360;71.0;19/02/2023;19 févr. 2023 - 00:00:00;360;299;1.0763888888888888;100.17658669413176;102.29764937349607;219.2162391182747;215.64997207533628;299;0;2;71.0;;71.0;2;1.0;71.0;0.96889;0.9699;0.00104;54.8;
360;72.0;19/02/2023;19 févr. 2023 - 06:00:00;358;297;1.0625;100.45969206322899;103.75010673327618;219.2162391182747;215.64997207533628;297;0;3;72.0;;72.0;2;1.0;72.0;0.96868;0.9699;0.00125;54.8;
360;73.0;19/02/2023;19 févr. 2023 - 12:00:00;358;297;1.0625;101.05545878072093;103.19316658327214;219.2162391182747;215.64997207533628;297;0;2;73.0;;73.0;2;1.0;73.0;0.96868;0.9699;0.00125;54.7;
360;74.0;19/02/2023;19 févr. 2023 - 18:00:00;356;295;1.0344827586206897;101.12982372850443;103.80683308514021;220.35185040064536;215.64997207533628;295;0;3;74.0;;74.0;2;1.0;74.0;0.96881;0.96979;0.00101;54.4;
360;75.0;20/02/2023;20 févr. 2023 - 00:00:00;354;293;1.0206896551724138;101.83296299237072;104.8723320737989;220.35185040064536;215.64997207533628;293;0;2;75.0;;75.0;2;1.0;75.0;0.96894;0.96979;8.7E-4;54.3;
360;76.0;20/02/2023;20 févr. 2023 - 06:00:00;354;293;1.0206896551724138;102.56549245749902;104.87621325340055;220.35185040064536;215.64997207533628;293;0;1;76.0;;76.0;2;1.0;76.0;0.96894;0.9699;9.8E-4;54.3;
360;77.0;20/02/2023;20 févr. 2023 - 12:00:00;350;289;1.020979020979021;103.06648697931256;105.85695859762;220.35185040064536;215.64997207533628;289;0;4;77.0;;77.0;2;1.0;77.0;0.96885;0.96979;9.6E-4;54.2;
360;78.0;20/02/2023;20 févr. 2023 - 18:00:00;350;289;1.0069444444444444;103.02823243872328;105.59414843283511;222.54200896162988;215.64997207533628;289;0;2;78.0;;78.0;2;1.0;78.0;0.96782;0.9699;0.00214;54.0;
360;79.0;21/02/2023;21 févr. 2023 - 00:00:00;347;287;0.9793103448275862;103.00709247274516;107.62682796206829;222.54200896162988;215.64997207533628;287;0;3;79.0;;79.0;1;1.0;79.0;0.96759;0.9699;0.00238;54.0;
360;80.0;21/02/2023;21 févr. 2023 - 06:00:00;346;286;0.9724137931034482;102.88526534600702;107.91492362009183;222.54200896162988;215.64997207533628;286;0;2;80.0;;80.0;1;1.0;80.0;0.96783;0.9699;0.00213;54.0;
360;81.0;21/02/2023;21 févr. 2023 - 12:00:00;346;286;0.9724137931034482;103.10649759908006;108.27946296326691;225.82781121836902;215.64997207533628;286;0;1;81.0;;81.0;1;1.0;81.0;0.96783;0.9699;0.00213;53.9;
360;82.0;21/02/2023;21 févr. 2023 - 18:00:00;343;283;0.9517241379310345;103.08096230920479;108.80930194856107;225.82781121836902;215.64997207533628;283;0;4;82.0;;82.0;1;1.0;82.0;0.96855;0.9699;0.00139;54.0;
360;83.0;22/02/2023;22 févr. 2023 - 00:00:00;342;282;0.9583333333333334;104.26275843067673;109.19329894876677;225.82781121836902;215.64997207533628;282;0;1;83.0;;83.0;1;1.0;83.0;0.96843;0.9698;0.00141;53.9;
360;84.0;22/02/2023;22 févr. 2023 - 06:00:00;342;282;0.972027972027972;105.69451189380707;108.75045510399565;225.82781121836902;215.64997207533628;282;0;1;84.0;;84.0;1;1.0;84.0;0.96808;0.9698;0.00177;53.8;
360;85.0;22/02/2023;22 févr. 2023 - 12:00:00;342;282;0.9583333333333334;105.68432189377742;109.07561727021313;225.82781121836902;215.64997207533628;282;0;1;85.0;;85.0;1;1.0;85.0;0.96808;0.96969;0.00166;53.9;
360;86.0;22/02/2023;22 févr. 2023 - 18:00:00;341;281;0.965034965034965;106.94380482351283;109.55245271118868;225.82781121836902;215.64997207533628;281;0;1;86.0;;86.0;1;1.0;86.0;0.96797;0.96969;0.00177;53.9;
360;87.0;23/02/2023;23 févr. 2023 - 00:00:00;341;281;0.9788732394366197;107.17952355725804;109.02148464856525;229.22869266926395;215.64997207533628;281;0;1;87.0;;87.0;1;1.0;87.0;0.96761;0.9698;0.00225;53.9;
360;88.0;23/02/2023;23 févr. 2023 - 06:00:00;337;277;0.9785714285714285;107.45998694457046;109.0517210791976;231.1787419920826;215.64997207533628;277;0;5;88.0;;88.0;1;1.0;88.0;0.96714;0.96969;0.00262;53.9;
360;89.0;23/02/2023;23 févr. 2023 - 12:00:00;334;274;0.9712230215827338;108.19210127518664;109.96451204138458;231.1787419920826;216.50402860812187;274;0;3;89.0;;89.0;1;1.0;89.0;0.96678;0.96969;0.003;53.8;
360;90.0;23/02/2023;23 févr. 2023 - 18:00:00;333;273;0.9640287769784173;108.54016982377202;110.42519087192976;231.1787419920826;216.90300882304467;273;0;1;90.0;;90.0;1;1.0;90.0;0.96666;0.96969;0.00312;53.8;
360;91.0;24/02/2023;24 févr. 2023 - 00:00:00;335;275;0.9642857142857143;108.23251500260773;110.03443093326271;231.77268987902994;216.90300882304467;275;0;0;91.0;;91.0;1;1.0;91.0;0.96654;0.96979;0.00335;53.8;
360;92.0;24/02/2023;24 févr. 2023 - 06:00:00;331;271;0.9781021897810219;109.59161891948256;109.09942384749912;231.77268987902994;216.90300882304467;271;0;5;92.0;;92.0;1;1.0;92.0;0.96568;0.96969;0.00413;53.7;
360;93.0;24/02/2023;24 févr. 2023 - 12:00:00;330;270;0.9852941176470589;110.63716292472867;109.12367916421825;232.28036434858848;216.90300882304467;270;0;2;93.0;;93.0;1;1.0;93.0;0.96629;0.96969;0.0035;54.0;
360;94.0;24/02/2023;24 févr. 2023 - 18:00:00;328;268;0.9851851851851852;110.92025231181806;110.6417489822355;232.62304369217375;216.90300882304467;268;0;2;94.0;;94.0;1;1.0;94.0;0.96679;0.96969;0.00299;53.9;
360;95.0;25/02/2023;25 févr. 2023 - 00:00:00;327;267;0.9925373134328358;111.07939798782886;111.17035007877585;239.8594991046685;216.90300882304467;267;0;1;95.0;;95.0;1;1.0;95.0;0.96666;0.96969;0.00312;53.9;
360;96.0;25/02/2023;25 févr. 2023 - 06:00:00;327;267;0.9777777777777777;110.63515458045987;111.27502279181275;239.8594991046685;220.9627918184934;267;0;1;96.0;;96.0;1;1.0;96.0;0.96741;0.9698;0.00246;53.9;
360;97.0;25/02/2023;25 févr. 2023 - 12:00:00;326;266;0.9703703703703703;111.35348018991941;112.08544505063524;239.8594991046685;221.8242030939813;266;0;1;97.0;;97.0;1;1.0;97.0;0.96729;0.9698;0.00258;53.9;
360;98.0;25/02/2023;25 févr. 2023 - 18:00:00;325;265;0.9629629629629629;111.88224961540585;113.04926635523138;239.8594991046685;224.24596911726366;265;0;1;98.0;;98.0;1;1.0;98.0;0.96716;0.9699;0.00282;53.6;
360;99.0;26/02/2023;26 févr. 2023 - 00:00:00;324;264;0.9555555555555556;112.159676072807;113.9677394124736;239.8594991046685;227.54349669278062;264;0;1;99.0;;99.0;1;1.0;99.0;0.96704;0.96979;0.00283;53.6;
360;100.0;26/02/2023;26 févr. 2023 - 06:00:00;324;264;0.9555555555555556;112.48970062446837;114.31262178950439;239.8594991046685;227.54349669278062;264;0;0;100.0;;100.0;1;1.0;100.0;0.96704;0.96979;0.00283;53.6;
360;101.0;26/02/2023;26 févr. 2023 - 12:00:00;323;263;0.9626865671641791;113.69214937776671;114.66576765189897;239.8594991046685;227.54349669278062;263;0;1;101.0;;101.0;1;1.0;101.0;0.96692;0.96979;0.00295;53.6;
360;102.0;26/02/2023;26 févr. 2023 - 18:00:00;322;262;0.9407407407407408;113.21562914149982;114.65954174476173;239.8594991046685;227.54349669278062;262;0;2;102.0;;102.0;1;1.0;102.0;0.96679;0.96979;0.00309;53.6;
360;103.0;27/02/2023;27 févr. 2023 - 00:00:00;321;261;0.9477611940298507;113.39534890269151;113.28916053683363;239.8594991046685;227.54349669278062;261;0;5;103.0;;103.0;1;1.0;103.0;0.96743;0.96969;0.00233;53.2;
360;104.0;27/02/2023;27 févr. 2023 - 06:00:00;318;258;0.9545454545454546;113.45049241588518;113.35261462010433;239.8594991046685;227.54349669278062;258;0;4;104.0;;104.0;1;1.0;104.0;0.96782;0.96969;0.00192;53.2;
360;105.0;27/02/2023;27 févr. 2023 - 12:00:00;317;257;0.9618320610687023;114.66271525460026;113.63130242401968;239.8594991046685;227.54349669278062;257;0;1;105.0;;105.0;1;1.0;105.0;0.96809;0.96969;0.00165;53.1;
360;106.0;27/02/2023;27 févr. 2023 - 18:00:00;317;257;0.9618320610687023;115.01613650216282;114.07592950394118;239.8594991046685;227.54349669278062;257;0;0;106.0;;106.0;1;1.0;106.0;0.96809;0.96969;0.00165;53.1;
360;107.0;28/02/2023;28 févr. 2023 - 00:00:00;317;257;0.9769230769230769;115.19631158075397;113.4349833968593;249.18021318770678;227.54349669278062;257;0;1;107.0;;107.0;1;1.0;107.0;0.96848;0.96969;0.00124;53.1;
360;108.0;28/02/2023;28 févr. 2023 - 06:00:00;314;254;0.984375;115.35710698662257;113.82940716440636;254.81647866651008;227.54349669278062;254;0;4;108.0;;108.0;1;1.0;108.0;0.9685;0.96969;0.00122;53.0;
360;109.0;28/02/2023;28 févr. 2023 - 12:00:00;312;252;0.984251968503937;115.53780760686287;115.29990231135426;260.41786871671854;227.54349669278062;252;0;2;109.0;;109.0;1;1.0;109.0;0.96825;0.96969;0.00148;52.9;
360;110.0;28/02/2023;28 févr. 2023 - 18:00:00;309;249;0.992;115.28795963493911;115.22380722292021;260.41786871671854;227.54349669278062;249;0;3;110.0;;110.0;1;1.0;110.0;0.96827;0.96969;0.00146;52.9;
360;111.0;01/03/2023;01 mars 2023 - 00:00:00;305;245;0.991869918699187;116.0684254645903;116.5176330696275;265.9651726956409;227.54349669278062;245;0;4;111.0;;111.0;1;1.0;111.0;0.96816;0.9696;0.00148;52.9;
360;112.0;01/03/2023;01 mars 2023 - 06:00:00;303;243;0.9918032786885246;117.66908213876455;116.33796329092688;269.2598347321783;227.54349669278062;243;0;2;112.0;;112.0;1;1.0;112.0;0.96831;0.9696;0.00133;52.9;
360;113.0;01/03/2023;01 mars 2023 - 12:00:00;301;242;0.9836065573770492;118.73907409743282;116.95765436527977;272.31745480814095;227.54349669278062;242;0;1;113.0;;113.0;0;1.0;113.0;0.96859;0.9695;9.3E-4;52.9;
360;114.0;01/03/2023;01 mars 2023 - 18:00:00;301;241;1.0083333333333333;119.51732233214076;115.33358646878898;278.36455767383814;227.54349669278062;241;0;3;114.0;;114.0;0;1.0;114.0;0.96846;0.9695;0.00107;52.8;
360;115.0;02/03/2023;02 mars 2023 - 00:00:00;300;240;1.0512820512820513;121.93873163750655;114.27518496087906;289.5253825711365;227.54349669278062;240;0;3;115.0;;115.0;0;1.0;115.0;0.96875;0.9696;8.7E-4;52.8;
360;116.0;02/03/2023;02 mars 2023 - 06:00:00;294;234;1.0;122.69908599176645;115.00778770174801;300.00857354415723;227.54349669278062;234;0;7;116.0;;116.0;0;1.0;116.0;0.9688;0.9693;5.1E-4;52.5;
360;117.0;02/03/2023;02 mars 2023 - 12:00:00;293;233;1.0086206896551724;120.2666012164214;115.59185745761357;239.8594991046685;227.54349669278062;233;0;3;117.0;;117.0;0;1.0;117.0;0.96866;0.9693;6.6E-4;52.5;
360;118.0;02/03/2023;02 mars 2023 - 18:00:00;292;232;1.017391304347826;120.24710910551342;116.34103478618394;249.90461571477869;227.54349669278062;232;0;3;118.0;;118.0;0;1.0;118.0;0.96853;0.9694;8.9E-4;52.5;
360;119.0;03/03/2023;03 mars 2023 - 00:00:00;290;230;1.0;120.93959330983401;117.01692365074753;249.90461571477869;227.54349669278062;230;0;3;119.0;;119.0;0;1.0;119.0;0.96826;0.9694;0.00117;52.5;
360;120.0;03/03/2023;03 mars 2023 - 06:00:00;288;228;1.0;122.68061823449663;116.95952521389765;249.90461571477869;227.54349669278062;228;0;2;120.0;;120.0;0;1.0;120.0;0.96798;0.9694;0.00146;52.5;
360;121.0;03/03/2023;03 mars 2023 - 12:00:00;288;228;1.0;123.08222867593769;117.45788046044078;249.90461571477869;227.54349669278062;228;0;0;121.0;;121.0;0;1.0;121.0;0.96798;0.9694;0.00146;52.5;
360;122.0;03/03/2023;03 mars 2023 - 18:00:00;286;226;1.0;120.90221230609528;117.32058998250282;245.31017883660564;227.54349669278062;226;0;3;122.0;;122.0;0;1.0;122.0;0.96902;0.9694;3.9E-4;52.4;
360;123.0;04/03/2023;04 mars 2023 - 00:00:00;285;225;1.027027027027027;121.83842901413676;116.80443215383482;245.31017883660564;227.54349669278062;225;0;2;123.0;;123.0;0;1.0;123.0;0.96888;0.9694;5.3E-4;52.4;
360;124.0;04/03/2023;04 mars 2023 - 06:00:00;284;224;1.0;121.46535790545151;118.0171387638741;245.31017883660564;227.54349669278062;224;0;2;124.0;;124.0;0;1.0;124.0;0.96919;0.96949;3.0E-4;52.4;
360;125.0;04/03/2023;04 mars 2023 - 12:00:00;284;224;0.9823008849557522;121.15129534267639;119.06414770382695;249.09446865426807;227.54349669278062;224;0;1;125.0;;125.0;0;1.0;125.0;0.96964;0.96949;-1.5E-4;52.4;
360;126.0;04/03/2023;04 mars 2023 - 18:00:00;283;223;0.9734513274336283;121.86678427570547;119.23981421626888;254.18029915220617;227.54349669278062;223;0;1;126.0;;126.0;0;1.0;126.0;0.9695;0.9696;1.0E-4;52.4;
360;127.0;05/03/2023;05 mars 2023 - 00:00:00;283;223;0.9734513274336283;122.55892045358071;119.45809596119278;260.6111723935175;227.54349669278062;223;0;0;127.0;;127.0;0;1.0;127.0;0.9695;0.9696;1.0E-4;52.4;
360;128.0;05/03/2023;05 mars 2023 - 06:00:00;282;222;0.9821428571428571;123.33322307620416;119.85903711999849;260.6111723935175;227.54349669278062;222;0;1;128.0;;128.0;0;1.0;128.0;0.96936;0.9694;4.0E-5;52.3;
360;129.0;05/03/2023;05 mars 2023 - 12:00:00;283;223;0.9910714285714286;124.1589464396919;119.24197434457672;260.6111723935175;227.54349669278062;223;0;0;129.0;;129.0;0;1.0;129.0;0.9695;0.9693;-2.0E-4;52.3;
360;130.0;05/03/2023;05 mars 2023 - 18:00:00;282;222;1.0;125.00329833748573;119.80615143035052;260.6111723935175;227.54349669278062;222;0;1;130.0;;130.0;0;1.0;130.0;0.96936;0.9694;4.0E-5;52.3;
360;131.0;06/03/2023;06 mars 2023 - 00:00:00;280;220;1.018348623853211;126.24111894341436;118.34880066302283;260.6111723935175;232.49284263708415;220;0;3;131.0;;131.0;0;1.0;131.0;0.96909;0.9694;3.1E-4;52.2;
360;132.0;06/03/2023;06 mars 2023 - 06:00:00;280;220;1.037037037037037;127.28425652266976;118.0806472300675;260.6111723935175;234.3116618885401;220;0;1;132.0;;132.0;0;1.0;132.0;0.96954;0.9694;-1.4E-4;52.3;
360;133.0;06/03/2023;06 mars 2023 - 12:00:00;278;218;1.0185185185185186;127.95872925063121;120.58405628931311;260.6111723935175;238.91892093685493;218;0;2;133.0;;133.0;0;1.0;133.0;0.96926;0.9694;1.4E-4;52.3;
360;134.0;06/03/2023;06 mars 2023 - 18:00:00;278;218;1.0185185185185186;128.41672446702484;121.0752851584591;260.6111723935175;243.45646750412783;218;0;0;134.0;;134.0;0;1.0;134.0;0.96926;0.9694;1.4E-4;52.3;
360;135.0;07/03/2023;07 mars 2023 - 00:00:00;279;219;1.0277777777777777;128.8214155279388;120.51871819857323;260.6111723935175;248.7939044771682;219;0;0;135.0;;135.0;0;1.0;135.0;0.9694;0.9694;0.0;52.3;
360;136.0;07/03/2023;07 mars 2023 - 06:00:00;278;218;1.0373831775700935;129.74413938338483;121.26123371098473;260.6111723935175;255.47989918301914;218;0;1;136.0;;136.0;0;1.0;136.0;0.96926;0.9693;4.0E-5;52.2;
360;137.0;07/03/2023;07 mars 2023 - 12:00:00;278;218;1.0373831775700935;129.9371947884758;122.11895972714824;260.6111723935175;255.47989918301914;218;0;0;137.0;;137.0;0;1.0;137.0;0.96926;0.9693;4.0E-5;52.2;
360;138.0;07/03/2023;07 mars 2023 - 18:00:00;276;216;1.0186915887850467;130.24933993953687;123.1285672990871;260.6111723935175;255.47989918301914;216;0;2;138.0;;138.0;0;1.0;138.0;0.96898;0.9693;3.3E-4;52.2;
360;139.0;08/03/2023;08 mars 2023 - 00:00:00;278;218;1.0373831775700935;130.6349280937829;120.45807071893965;260.6111723935175;255.47989918301914;218;0;1;139.0;;139.0;0;1.0;139.0;0.96926;0.9693;4.0E-5;52.0;
360;140.0;08/03/2023;08 mars 2023 - 06:00:00;277;217;0.9908256880733946;128.83774273491463;121.26556389598748;260.6111723935175;255.47989918301914;217;0;3;140.0;;140.0;0;1.0;140.0;0.96866;0.9694;7.6E-4;52.1;
360;141.0;08/03/2023;08 mars 2023 - 12:00:00;274;214;0.9814814814814815;129.53096525573076;124.11342254742988;265.9841038687369;260.9879675716988;214;0;3;141.0;;141.0;0;1.0;141.0;0.96822;0.9693;0.00111;52.1;
360;142.0;08/03/2023;08 mars 2023 - 18:00:00;274;214;0.963302752293578;129.0244627566115;125.01747754350079;265.9841038687369;260.9879675716988;214;0;1;142.0;;142.0;0;1.0;142.0;0.96869;0.9693;6.2E-4;52.0;
360;143.0;09/03/2023;09 mars 2023 - 00:00:00;272;212;0.9813084112149533;129.3514633090749;125.34354475151522;260.6111723935175;260.9879675716988;212;0;2;143.0;;143.0;0;1.0;143.0;0.96886;0.9691;2.4E-4;52.0;
360;144.0;09/03/2023;09 mars 2023 - 06:00:00;272;212;0.9813084112149533;129.8388228793363;125.87994727772764;260.6111723935175;265.3082109242487;212;0;0;144.0;;144.0;0;1.0;144.0;0.96886;0.9691;2.4E-4;52.0;
360;145.0;09/03/2023;09 mars 2023 - 12:00:00;272;212;1.0;130.28143393580498;125.24031228705242;260.6111723935175;276.7384694547575;212;0;1;145.0;;145.0;0;1.0;145.0;0.96839;0.9691;7.3E-4;52.1;
360;146.0;09/03/2023;09 mars 2023 - 18:00:00;273;213;0.9906542056074766;129.60988454467739;125.50126584223635;260.6111723935175;276.7384694547575;213;0;1;146.0;;146.0;0;1.0;146.0;0.9676;0.9691;0.00154;52.1;
360;147.0;10/03/2023;10 mars 2023 - 00:00:00;272;212;1.0;131.28789602686956;125.90818340035861;260.6111723935175;276.7384694547575;212;0;2;147.0;;147.0;0;1.0;147.0;0.96792;0.9691;0.00121;52.0;
360;148.0;10/03/2023;10 mars 2023 - 06:00:00;270;210;1.0;132.5292634306326;127.6241689228507;260.6111723935175;276.7384694547575;210;0;2;148.0;;148.0;0;1.0;148.0;0.96904;0.9692;1.6E-4;52.0;
360;149.0;10/03/2023;10 mars 2023 - 12:00:00;270;210;1.0;133.03038280432122;128.04654234994254;260.6111723935175;276.7384694547575;210;0;0;149.0;;149.0;0;1.0;149.0;0.96904;0.9692;1.6E-4;52.0;
360;150.0;10/03/2023;10 mars 2023 - 18:00:00;270;210;1.0;133.66110667703015;128.5039972156971;260.6111723935175;276.7384694547575;210;0;0;150.0;;150.0;0;1.0;150.0;0.96904;0.9692;1.6E-4;52.0;
360;151.0;11/03/2023;11 mars 2023 - 00:00:00;271;211;1.0095238095238095;133.9937285715682;127.68227375376335;260.6111723935175;276.7384694547575;211;0;0;151.0;;151.0;0;1.0;151.0;0.96919;0.9693;1.1E-4;52.0;
360;152.0;11/03/2023;11 mars 2023 - 06:00:00;269;209;1.0096153846153846;133.88932419366427;128.0770969953717;260.6111723935175;276.7384694547575;209;0;2;152.0;;152.0;0;1.0;152.0;0.96937;0.9692;-1.7E-4;51.9;
360;153.0;11/03/2023;11 mars 2023 - 12:00:00;268;208;1.0;134.2011662121029;128.10968660602148;260.6111723935175;276.7384694547575;208;0;1;153.0;;153.0;0;1.0;153.0;0.96923;0.969;-2.3E-4;51.8;
360;154.0;11/03/2023;11 mars 2023 - 18:00:00;269;209;0.9904761904761905;133.1430300212541;128.52783824286922;260.6111723935175;276.7384694547575;209;0;0;154.0;;154.0;0;1.0;154.0;0.96937;0.9692;-1.7E-4;51.9;
360;155.0;12/03/2023;12 mars 2023 - 00:00:00;268;208;0.9809523809523809;132.72694612828298;129.37970747309063;260.6111723935175;278.37726351498367;208;0;2;155.0;;155.0;0;1.0;155.0;0.96923;0.9692;-3.0E-5;51.8;
360;156.0;12/03/2023;12 mars 2023 - 06:00:00;267;207;0.9714285714285714;133.21015408967747;130.13178838151245;260.6111723935175;287.30493412407736;207;0;1;156.0;;156.0;0;1.0;156.0;0.96908;0.9692;1.2E-4;51.8;
360;157.0;12/03/2023;12 mars 2023 - 12:00:00;267;207;0.9714285714285714;133.66169635490087;130.63844991326857;260.6111723935175;298.0680453617224;207;0;0;157.0;;157.0;0;1.0;157.0;0.96908;0.9692;1.2E-4;51.8;
360;158.0;12/03/2023;12 mars 2023 - 18:00:00;266;206;0.9619047619047619;134.01195818690792;130.7773280065409;260.6111723935175;303.18912655091435;206;0;1;158.0;;158.0;0;1.0;158.0;0.9699;0.9691;-8.2E-4;51.7;
360;159.0;13/03/2023;13 mars 2023 - 00:00:00;267;207;0.9528301886792453;133.3561528840581;130.88796376256508;260.6111723935175;303.18912655091435;207;0;0;159.0;;159.0;0;1.0;159.0;0.96956;0.96909;-4.8E-4;51.7;
360;160.0;13/03/2023;13 mars 2023 - 06:00:00;267;207;0.9714285714285714;133.02146953709885;129.96195223403015;260.6111723935175;303.18912655091435;207;0;1;160.0;;160.0;0;1.0;160.0;0.96956;0.96909;-4.8E-4;51.6;
360;161.0;13/03/2023;13 mars 2023 - 12:00:00;265;205;0.9902912621359223;135.23757708671374;130.28324790269448;266.81234604188904;308.9625437544603;205;0;2;161.0;;161.0;0;1.0;161.0;0.97024;0.969;-0.00127;51.6;
360;162.0;13/03/2023;13 mars 2023 - 18:00:00;264;204;0.9615384615384616;134.3270933382833;130.27038330730963;275.79966472323076;319.45440434489853;204;0;2;162.0;;162.0;0;1.0;162.0;0.9696;0.969;-6.1E-4;51.6;
360;163.0;14/03/2023;14 mars 2023 - 00:00:00;264;204;0.9615384615384616;134.53209363350274;130.60108616565208;285.0519156621146;319.45440434489853;204;0;1;163.0;;163.0;0;1.0;163.0;0.97009;0.9691;-0.00102;51.6;
360;164.0;14/03/2023;14 mars 2023 - 06:00:00;265;205;0.9339622641509434;132.30099104634562;131.0288527160654;294.5441336777242;319.45440434489853;205;0;1;164.0;;164.0;0;1.0;164.0;0.96926;0.9691;-1.6E-4;51.7;
360;165.0;14/03/2023;14 mars 2023 - 12:00:00;263;203;0.9519230769230769;133.7818385015257;131.41934610591588;304.2538598693627;319.45440434489853;203;0;2;165.0;;165.0;0;1.0;165.0;0.96896;0.9692;2.4E-4;51.7;
360;166.0;14/03/2023;14 mars 2023 - 18:00:00;262;202;0.9611650485436893;132.54068830145138;131.79163104321756;265.9542534641744;319.45440434489853;202;0;1;166.0;;166.0;0;1.0;166.0;0.9693;0.9693;0.0;51.7;
360;167.0;15/03/2023;15 mars 2023 - 00:00:00;262;202;0.9611650485436893;132.69542953499467;132.04225795018294;265.9542534641744;319.45440434489853;202;0;0;167.0;;167.0;0;1.0;167.0;0.9693;0.9693;0.0;51.7;
360;168.0;15/03/2023;15 mars 2023 - 06:00:00;262;202;0.9611650485436893;131.91342029208553;132.46735644012216;265.9542534641744;319.45440434489853;202;0;1;168.0;;168.0;0;1.0;168.0;0.9693;0.9693;0.0;51.7;
360;169.0;15/03/2023;15 mars 2023 - 12:00:00;260;200;0.9607843137254902;133.7178022008415;133.65992476951814;265.9542534641744;319.45440434489853;200;0;2;169.0;;169.0;0;1.0;169.0;0.97;0.9693;-7.2E-4;51.7;
360;170.0;15/03/2023;15 mars 2023 - 18:00:00;261;201;0.9514563106796117;132.93406553120758;134.14445719578526;265.9542534641744;319.45440434489853;201;0;0;170.0;;170.0;0;1.0;170.0;0.97014;0.9692;-9.6E-4;51.9;
360;171.0;16/03/2023;16 mars 2023 - 00:00:00;260;200;0.9607843137254902;133.92935614845928;134.5857082106866;265.9542534641744;319.45440434489853;200;0;1;171.0;;171.0;0;1.0;171.0;0.97;0.9693;-7.2E-4;51.9;
360;172.0;16/03/2023;16 mars 2023 - 06:00:00;260;200;0.9607843137254902;134.54547076646313;135.1105343386744;265.9542534641744;319.45440434489853;200;0;0;172.0;;172.0;0;1.0;172.0;0.97;0.9693;-7.2E-4;51.9;
360;173.0;16/03/2023;16 mars 2023 - 12:00:00;258;198;0.98;135.84179097098072;135.44805562869968;265.9542534641744;319.45440434489853;198;0;2;173.0;;173.0;0;1.0;173.0;0.96969;0.9693;-4.0E-4;51.6;
360;174.0;16/03/2023;16 mars 2023 - 18:00:00;258;198;0.98;136.50092448209742;135.7167123078868;265.9542534641744;319.45440434489853;198;0;0;174.0;;174.0;0;1.0;174.0;0.96969;0.9693;-4.0E-4;51.6;
360;175.0;17/03/2023;17 mars 2023 - 00:00:00;258;198;0.98;136.90254235980132;136.0452484703536;265.9542534641744;319.45440434489853;198;0;0;175.0;;175.0;0;1.0;175.0;0.96969;0.9693;-4.0E-4;51.6;
360;176.0;17/03/2023;17 mars 2023 - 06:00:00;255;195;1.0103092783505154;137.6747613458174;136.4374119587797;265.9542534641744;319.45440434489853;195;0;3;176.0;;176.0;0;1.0;176.0;0.97025;0.9694;-8.7E-4;51.3;
360;177.0;17/03/2023;17 mars 2023 - 12:00:00;255;195;1.0103092783505154;138.23690500263726;136.9442629560619;265.9542534641744;319.45440434489853;195;0;0;177.0;;177.0;0;1.0;177.0;0.97025;0.9694;-8.7E-4;51.3;
360;178.0;17/03/2023;17 mars 2023 - 18:00:00;255;195;1.0103092783505154;138.68490560799455;137.53122514857338;265.9542534641744;319.45440434489853;195;0;0;178.0;;178.0;0;1.0;178.0;0.97025;0.9694;-8.7E-4;51.3;
360;179.0;18/03/2023;18 mars 2023 - 00:00:00;255;195;1.0103092783505154;138.94611627804034;138.20899899123802;265.9542534641744;319.45440434489853;195;0;0;179.0;;179.0;0;1.0;179.0;0.97025;0.9694;-8.7E-4;51.3;
360;180.0;18/03/2023;18 mars 2023 - 06:00:00;256;196;1.0206185567010309;139.10612789250752;137.15781197508474;265.9542534641744;319.45440434489853;196;0;0;180.0;;180.0;0;1.0;180.0;0.96938;0.9693;-8.0E-5;51.3;
360;181.0;18/03/2023;18 mars 2023 - 12:00:00;255;195;1.0103092783505154;139.4382542681723;135.08565478312113;265.9542534641744;319.45440434489853;195;0;2;181.0;;181.0;0;1.0;181.0;0.96974;0.96919;-5.6E-4;51.3;
360;182.0;18/03/2023;18 mars 2023 - 18:00:00;256;196;0.9797979797979798;136.93116753720824;136.8355123045996;265.9542534641744;319.45440434489853;196;0;1;182.0;;182.0;0;1.0;182.0;0.9704;0.9692;-0.00123;51.5;
360;183.0;19/03/2023;19 mars 2023 - 00:00:00;254;194;0.9795918367346939;137.7056673242188;138.7568188347761;265.9542534641744;319.45440434489853;194;0;2;183.0;;183.0;0;1.0;183.0;0.9701;0.9692;-9.2E-4;51.5;
360;184.0;19/03/2023;19 mars 2023 - 06:00:00;254;194;0.9795918367346939;138.22414642852274;139.16162451082482;265.9542534641744;319.45440434489853;194;0;0;184.0;;184.0;0;1.0;184.0;0.9701;0.9692;-9.2E-4;51.5;
360;185.0;19/03/2023;19 mars 2023 - 12:00:00;253;193;0.9693877551020408;138.61763475531276;139.0830605990289;265.9542534641744;319.45440434489853;193;0;1;185.0;;185.0;0;1.0;185.0;0.96994;0.9692;-7.6E-4;51.4;
360;186.0;19/03/2023;19 mars 2023 - 18:00:00;252;192;0.9591836734693877;139.03173124588676;139.43018861400034;265.9542534641744;319.45440434489853;192;0;1;186.0;;186.0;0;1.0;186.0;0.96979;0.96909;-7.2E-4;51.4;
360;187.0;20/03/2023;20 mars 2023 - 00:00:00;251;191;0.9489795918367347;139.26325732139983;137.8122734532402;265.9542534641744;288.01476247758524;191;0;1;187.0;;187.0;0;1.0;187.0;0.97015;0.9689;-0.00129;51.3;
360;188.0;20/03/2023;20 mars 2023 - 06:00:00;251;191;0.9489795918367347;139.67600132149346;138.17675980519064;265.9542534641744;297.88974891704487;191;0;0;188.0;;188.0;0;1.0;188.0;0.97015;0.9689;-0.00129;51.3;
360;189.0;20/03/2023;20 mars 2023 - 12:00:00;249;189;0.9484536082474226;140.35915255934972;138.00078736297212;265.9542534641744;297.88974891704487;189;0;2;189.0;;189.0;0;1.0;189.0;0.97037;0.969;-0.00141;51.2;
360;190.0;20/03/2023;20 mars 2023 - 18:00:00;249;189;0.9484536082474226;140.76802340986515;138.12341195313;265.9542534641744;297.88974891704487;189;0;0;190.0;;190.0;0;1.0;190.0;0.97037;0.969;-0.00141;51.2;
360;191.0;21/03/2023;21 mars 2023 - 00:00:00;248;188;0.9583333333333334;141.38352875243234;138.23058522429875;265.9542534641744;297.88974891704487;188;0;1;191.0;;191.0;0;1.0;191.0;0.97021;0.9688;-0.00145;51.1;
360;192.0;21/03/2023;21 mars 2023 - 06:00:00;249;189;0.9484536082474226;140.24359433368627;138.4228939204047;265.9542534641744;297.88974891704487;189;0;0;192.0;;192.0;0;1.0;192.0;0.97037;0.969;-0.00141;51.1;
360;193.0;21/03/2023;21 mars 2023 - 12:00:00;248;188;0.9583333333333334;139.4091331695616;138.57318393087635;266.805997414636;297.88974891704487;188;0;1;193.0;;193.0;0;1.0;193.0;0.97021;0.969;-0.00124;51.1;
360;194.0;21/03/2023;21 mars 2023 - 18:00:00;247;187;0.968421052631579;139.15430357804868;138.59064769725356;266.805997414636;297.88974891704487;187;0;1;194.0;;194.0;0;1.0;194.0;0.97058;0.969;-0.00163;51.1;
360;195.0;22/03/2023;22 mars 2023 - 00:00:00;246;186;0.9787234042553191;139.48428238627096;138.71962572030077;266.805997414636;297.88974891704487;186;0;1;195.0;;195.0;0;1.0;195.0;0.97043;0.969;-0.00147;51.1;
360;196.0;22/03/2023;22 mars 2023 - 06:00:00;248;188;0.9583333333333334;136.9445271096795;138.89843204936759;266.805997414636;302.6000311620721;188;0;0;196.0;;196.0;0;1.0;196.0;0.97074;0.9692;-0.00158;51.2;
360;197.0;22/03/2023;22 mars 2023 - 12:00:00;246;186;0.9787234042553191;139.59491796514683;139.12988894146264;266.805997414636;308.2771469178087;186;0;2;197.0;;197.0;0;1.0;197.0;0.9715;0.9691;-0.00247;51.1;
360;198.0;22/03/2023;22 mars 2023 - 18:00:00;245;185;0.989247311827957;140.23358312793323;139.22057185476848;266.805997414636;308.2771469178087;185;0;1;198.0;;198.0;0;1.0;198.0;0.97135;0.9691;-0.00232;50.9;
360;199.0;23/03/2023;23 mars 2023 - 00:00:00;247;187;0.9893617021276596;139.03488220823604;137.90165681248683;266.805997414636;316.53362734163414;187;0;0;199.0;;199.0;0;1.0;199.0;0.97112;0.9691;-0.00208;50.9;
360;200.0;23/03/2023;23 mars 2023 - 06:00:00;245;185;1.0108695652173914;141.90825478475585;138.2014569596265;266.805997414636;321.8266223764318;185;0;2;200.0;;200.0;0;1.0;200.0;0.97081;0.969;-0.00186;50.8;
360;201.0;23/03/2023;23 mars 2023 - 12:00:00;244;184;1.0;142.41110535852772;138.87427112401446;270.0936373260687;321.8266223764318;184;0;1;201.0;;201.0;0;1.0;201.0;0.97065;0.9689;-0.0018;50.7;
360;202.0;23/03/2023;23 mars 2023 - 18:00:00;242;182;1.0;143.91873624275;138.64426672443213;270.2076755995341;324.4909031623053;182;0;2;202.0;;202.0;0;1.0;202.0;0.97032;0.9689;-0.00146;50.7;
360;203.0;24/03/2023;24 mars 2023 - 00:00:00;242;182;1.0;144.4025080438307;138.89739663107898;270.43399726421615;324.4909031623053;182;0;0;203.0;;203.0;0;1.0;203.0;0.97032;0.9689;-0.00146;50.7;
360;204.0;24/03/2023;24 mars 2023 - 06:00:00;241;181;1.011111111111111;143.65053867064213;139.10608418340118;270.43399726421615;324.4909031623053;181;0;1;204.0;;204.0;0;1.0;204.0;0.97016;0.9689;-0.0013;50.7;
360;205.0;24/03/2023;24 mars 2023 - 12:00:00;241;181;1.011111111111111;143.83773493858658;139.2707363789557;270.6467846655009;324.4909031623053;181;0;0;205.0;;205.0;0;1.0;205.0;0.97016;0.9689;-0.0013;50.7;
360;206.0;24/03/2023;24 mars 2023 - 18:00:00;241;181;1.011111111111111;144.12738651857921;139.42469671360664;276.7166628990634;324.4909031623053;181;0;0;206.0;;206.0;0;1.0;206.0;0.97016;0.9689;-0.0013;50.7;
360;207.0;25/03/2023;25 mars 2023 - 00:00:00;241;181;1.011111111111111;142.98180187223628;139.72786094450103;278.41954696439615;329.4317757653128;181;0;1;207.0;;207.0;0;1.0;207.0;0.96961;0.9689;-7.3E-4;50.7;
360;208.0;25/03/2023;25 mars 2023 - 06:00:00;241;181;1.0337078651685394;144.8960785303933;138.45851916924602;284.1016895525828;334.1075323404674;181;0;1;208.0;;208.0;0;1.0;208.0;0.96961;0.9689;-7.3E-4;50.9;
360;209.0;25/03/2023;25 mars 2023 - 12:00:00;239;179;1.0340909090909092;146.0670997679769;138.67087780205753;288.2856468652448;336.33109197752873;179;0;2;209.0;;209.0;0;1.0;209.0;0.97039;0.9689;-0.00153;50.9;
360;210.0;25/03/2023;25 mars 2023 - 18:00:00;239;179;1.0340909090909092;146.54485372536348;138.83644599146132;288.2856468652448;336.9620189269907;179;0;0;210.0;;210.0;0;1.0;210.0;0.97039;0.9689;-0.00153;50.9;
360;211.0;26/03/2023;26 mars 2023 - 00:00:00;239;179;1.0574712643678161;146.94497905408625;137.42901137418255;288.2856468652448;336.9620189269907;179;0;1;211.0;;211.0;0;1.0;211.0;0.9715;0.969;-0.00257;50.9;
360;212.0;26/03/2023;26 mars 2023 - 07:00:00;238;178;1.069767441860465;147.049592245133;137.6594969104214;288.2856468652448;336.9620189269907;178;0;1;212.0;;212.0;0;1.0;212.0;0.97134;0.969;-0.00241;50.9;
360;213.0;26/03/2023;26 mars 2023 - 13:00:00;240;180;1.0689655172413792;145.90806004010852;136.5691230882675;288.2856468652448;339.97291752709503;180;0;0;213.0;;213.0;0;1.0;213.0;0.96944;0.969;-4.5E-4;50.9;
360;214.0;26/03/2023;26 mars 2023 - 19:00:00;239;179;1.0813953488372092;146.3050748624898;136.18689365742364;288.2856468652448;339.97291752709503;179;0;2;214.0;;214.0;0;1.0;214.0;0.96927;0.9692;-7.0E-5;50.9;
360;215.0;27/03/2023;27 mars 2023 - 01:00:00;238;178;1.069767441860465;146.59101925705028;138.1930962272038;288.2856468652448;347.24257912412764;178;0;1;215.0;;215.0;0;1.0;215.0;0.97134;0.969;-0.00241;50.9;
360;216.0;27/03/2023;27 mars 2023 - 07:00:00;238;178;1.069767441860465;147.19099071614525;138.52665244271336;288.2856468652448;347.24257912412764;178;0;0;216.0;;216.0;0;1.0;216.0;0.97134;0.969;-0.00241;50.9;
360;217.0;27/03/2023;27 mars 2023 - 13:00:00;238;178;1.069767441860465;147.40659337346807;138.74403270995262;288.2856468652448;347.24257912412764;178;0;0;217.0;;217.0;0;1.0;217.0;0.97134;0.969;-0.00241;50.9;
360;218.0;27/03/2023;27 mars 2023 - 19:00:00;237;177;1.058139534883721;147.64803194753233;138.55849497770447;288.2856468652448;347.24257912412764;177;0;1;218.0;;218.0;0;1.0;218.0;0.97118;0.969;-0.00224;50.8;
360;219.0;28/03/2023;28 mars 2023 - 01:00:00;237;177;1.058139534883721;147.83929935405814;138.815603857773;288.2856468652448;347.24257912412764;177;0;0;219.0;;219.0;0;1.0;219.0;0.97118;0.969;-0.00224;50.8;
360;220.0;28/03/2023;28 mars 2023 - 07:00:00;236;176;1.0465116279069768;148.06147506501569;138.22263003425996;288.2856468652448;347.24257912412764;176;0;1;220.0;;220.0;0;1.0;220.0;0.97159;0.969;-0.00267;50.7;
360;221.0;28/03/2023;28 mars 2023 - 13:00:00;237;177;1.0344827586206897;146.84760630011857;138.3170794071779;288.2856468652448;347.24257912412764;177;0;0;221.0;;221.0;0;1.0;221.0;0.97175;0.969;-0.00283;50.7;
360;222.0;28/03/2023;28 mars 2023 - 19:00:00;235;175;1.0114942528735633;147.45179245503525;139.8258461674611;288.2856468652448;347.24257912412764;175;0;2;222.0;;222.0;0;1.0;222.0;0.97199;0.969;-0.00308;50.5;
360;223.0;29/03/2023;29 mars 2023 - 01:00:00;236;176;1.0229885057471264;148.0520211387985;138.37046171377213;288.2856468652448;347.24257912412764;176;0;0;223.0;;223.0;0;1.0;223.0;0.97215;0.9691;-0.00314;50.6;
360;224.0;29/03/2023;29 mars 2023 - 07:00:00;233;173;1.035294117647059;149.92480552351043;139.32707131377262;288.2856468652448;347.24257912412764;173;0;3;224.0;;224.0;0;1.0;224.0;0.97167;0.9689;-0.00285;50.6;
360;225.0;29/03/2023;29 mars 2023 - 13:00:00;233;173;1.035294117647059;150.5864002884848;139.57125282741023;288.9255193696606;347.24257912412764;173;0;0;225.0;;225.0;0;1.0;225.0;0.97167;0.9689;-0.00285;50.6;
360;226.0;29/03/2023;29 mars 2023 - 19:00:00;232;172;1.0235294117647058;151.20279099598827;139.9965769100607;291.6962070544157;347.24257912412764;172;0;1;226.0;;226.0;0;1.0;226.0;0.97151;0.9688;-0.00279;50.6;
360;227.0;30/03/2023;30 mars 2023 - 01:00:00;232;172;1.0235294117647058;151.52268784517187;140.13467734759433;291.6962070544157;347.24257912412764;172;0;0;227.0;;227.0;0;1.0;227.0;0.97151;0.9688;-0.00279;50.6;
360;228.0;30/03/2023;30 mars 2023 - 07:00:00;232;172;1.0235294117647058;151.5663458630377;138.27078518996768;291.6962070544157;347.24257912412764;172;0;1;228.0;;228.0;0;1.0;228.0;0.97209;0.9691;-0.00308;50.8;
360;229.0;30/03/2023;30 mars 2023 - 13:00:00;234;174;1.0470588235294118;151.79575002916795;134.8515152206585;291.6962070544157;347.24257912412764;174;0;1;229.0;;229.0;0;1.0;229.0;0.97298;0.9689;-0.00421;50.7;
360;230.0;30/03/2023;30 mars 2023 - 19:00:00;231;171;1.011764705882353;152.0495671123132;135.2634279539159;291.6962070544157;347.24257912412764;171;0;3;230.0;;230.0;0;1.0;230.0;0.97309;0.9689;-0.00432;50.7;
360;231.0;31/03/2023;31 mars 2023 - 01:00:00;232;172;1.0;150.501211161491;135.92052327385605;291.6962070544157;347.24257912412764;172;0;0;231.0;;231.0;0;1.0;231.0;0.97325;0.9689;-0.00448;50.7;
360;232.0;31/03/2023;31 mars 2023 - 07:00:00;231;171;0.9883720930232558;150.7916493032396;137.80178030684564;291.6962070544157;347.24257912412764;171;0;1;232.0;;232.0;0;1.0;232.0;0.97309;0.9688;-0.00442;50.7;
360;233.0;31/03/2023;31 mars 2023 - 13:00:00;230;170;1.0;151.85944973240063;138.1833035782658;291.6962070544157;347.24257912412764;170;0;1;233.0;;233.0;0;1.0;233.0;0.97294;0.9688;-0.00427;50.6;
360;234.0;31/03/2023;31 mars 2023 - 19:00:00;229;169;0.9882352941176471;151.95122989600648;138.01218389900248;291.6962070544157;347.24257912412764;169;0;1;234.0;;234.0;0;1.0;234.0;0.97337;0.9687;-0.00482;50.5;
360;235.0;01/04/2023;01 avr. 2023 - 01:00:00;317;169;0.9882352941176471;152.23088027865447;139.05845108831502;291.6962070544157;347.24257912412764;169;0;0;235.0;;235.0;0;1.0;235.0;0.97337;0.9687;-0.00482;50.5;
360;236.0;01/04/2023;01 avr. 2023 - 07:00:00;412;169;0.9882352941176471;152.61762448309992;140.05053400258515;291.6962070544157;347.24257912412764;169;0;0;236.0;;236.0;0;1.0;236.0;0.97337;0.9687;-0.00482;50.5;
360;237.0;01/04/2023;01 avr. 2023 - 13:00:00;476;169;0.9882352941176471;153.0103160804542;141.09013108821486;291.6962070544157;347.24257912412764;169;0;0;237.0;;237.0;0;1.0;237.0;0.97337;0.9687;-0.00482;50.5;
360;238.0;01/04/2023;01 avr. 2023 - 19:00:00;509;169;0.9882352941176471;153.81456578870777;142.524462135737;291.6962070544157;347.24257912412764;169;0;0;238.0;;238.0;0;1.0;238.0;0.97337;0.9687;-0.00482;50.5;
360;239.0;02/04/2023;02 avr. 2023 - 01:00:00;526;168;1.0;154.17335168490996;143.8456864866077;291.6962070544157;347.24257912412764;168;0;1;239.0;;239.0;0;1.0;239.0;0.97321;0.9688;-0.00455;50.4;
360;240.0;02/04/2023;02 avr. 2023 - 07:00:00;534;168;1.0240963855421688;155.3497828532021;143.3972728020032;291.6962070544157;347.24257912412764;168;0;1;240.0;;240.0;0;1.0;240.0;0.97321;0.96849;-0.00487;50.4;
360;241.0;02/04/2023;02 avr. 2023 - 13:00:00;534;168;1.0;153.3934628073101;145.013086525007;291.6962070544157;347.24257912412764;168;0;2;241.0;;241.0;0;1.0;241.0;0.9738;0.96849;-0.00548;50.2;
360;242.0;02/04/2023;02 avr. 2023 - 19:00:00;535;165;1.0121951219512195;154.04536532032103;145.84374318182162;291.6962070544157;347.24257912412764;165;0;4;242.0;;242.0;0;1.0;242.0;0.97393;0.9685;-0.0056;50.0;
360;243.0;03/04/2023;03 avr. 2023 - 01:00:00;533;163;0.9878048780487805;155.04709331812882;146.45455406770736;291.80999690307607;347.24257912412764;163;0;2;243.0;;243.0;0;1.0;243.0;0.97361;0.9685;-0.00527;49.8;
360;244.0;03/04/2023;03 avr. 2023 - 07:00:00;538;164;1.0;156.1149853779571;144.14336665857832;291.80999690307607;347.24257912412764;164;0;1;244.0;;244.0;0;1.0;244.0;0.97378;0.9686;-0.00534;49.8;
360;245.0;03/04/2023;03 avr. 2023 - 13:00:00;533;159;0.9629629629629629;157.0506601181046;145.42982781723464;291.80999690307607;347.24257912412764;159;0;5;245.0;;245.0;0;1.0;245.0;0.97547;0.9683;-0.0074;49.3;
360;246.0;03/04/2023;03 avr. 2023 - 19:00:00;532;158;0.9506172839506173;158.0417951932852;145.70319854038897;291.80999690307607;347.24257912412764;158;0;1;246.0;;246.0;0;1.0;246.0;0.97531;0.9683;-0.00723;49.3;
360;247.0;04/04/2023;04 avr. 2023 - 01:00:00;530;156;0.9259259259259259;158.71191854674476;143.61721514706718;291.80999690307607;347.24257912412764;156;0;2;247.0;;247.0;0;1.0;247.0;0.97628;0.9683;-0.00824;49.2;
360;248.0;04/04/2023;04 avr. 2023 - 07:00:00;529;155;0.9375;158.25090054915216;144.14327060560134;291.80999690307607;347.24257912412764;155;0;1;248.0;;248.0;0;1.0;248.0;0.97741;0.9686;-0.00909;49.2;
360;249.0;04/04/2023;04 avr. 2023 - 13:00:00;530;156;0.9259259259259259;156.77767014900508;144.8188913948829;291.80999690307607;347.24257912412764;156;0;0;249.0;;249.0;0;1.0;249.0;0.97756;0.9684;-0.00945;49.2;
360;250.0;04/04/2023;04 avr. 2023 - 19:00:00;538;156;0.9259259259259259;156.16606599587777;145.22986333833651;298.4859666482813;347.24257912412764;156;0;1;250.0;;250.0;0;1.0;250.0;0.97756;0.9684;-0.00945;49.3;
360;251.0;05/04/2023;05 avr. 2023 - 01:00:00;537;155;0.9375;158.4867650117963;145.64970083094514;301.4272136456174;347.24257912412764;155;0;1;251.0;;251.0;0;1.0;251.0;0.97806;0.9682;-0.01018;49.3;
360;252.0;05/04/2023;05 avr. 2023 - 07:00:00;540;157;0.9146341463414634;155.2059290659439;146.31129388594692;304.05113935766576;347.24257912412764;157;0;0;252.0;;252.0;0;1.0;252.0;0.97834;0.9683;-0.01036;49.5;
360;253.0;05/04/2023;05 avr. 2023 - 13:00:00;539;156;0.8795180722891566;154.05914361310002;148.89861744134163;306.16925264798795;347.24257912412764;156;0;2;253.0;;253.0;0;1.0;253.0;0.9782;0.9683;-0.01022;49.5;
360;254.0;05/04/2023;05 avr. 2023 - 19:00:00;539;156;0.8795180722891566;154.6039108127881;149.6700808802691;315.0223678563574;347.24257912412764;156;0;1;254.0;;254.0;0;1.0;254.0;0.9782;0.9683;-0.01022;49.5;
360;255.0;06/04/2023;06 avr. 2023 - 01:00:00;538;155;0.8674698795180723;155.2473548676926;150.16804991746423;315.0223678563574;347.24257912412764;155;0;1;255.0;;255.0;0;1.0;255.0;0.97806;0.9682;-0.01018;49.4;
360;256.0;06/04/2023;06 avr. 2023 - 07:00:00;538;155;0.8674698795180723;155.89988470749103;150.67612276043278;315.0223678563574;347.24257912412764;155;0;0;256.0;;256.0;0;1.0;256.0;0.97806;0.9682;-0.01018;49.4;
360;257.0;06/04/2023;06 avr. 2023 - 13:00:00;541;156;0.8571428571428571;154.72072645341245;151.15594400329587;315.0223678563574;347.24257912412764;156;0;0;257.0;;257.0;0;1.0;257.0;0.97756;0.9684;-0.00945;49.6;
360;258.0;06/04/2023;06 avr. 2023 - 19:00:00;546;157;0.891566265060241;156.8127222485625;147.28761341985074;321.41741193218843;347.24257912412764;157;0;1;258.0;;258.0;0;1.0;258.0;0.97707;0.9684;-0.00895;49.7;
360;259.0;07/04/2023;07 avr. 2023 - 01:00:00;546;157;0.891566265060241;155.82240000542964;146.05585562036856;321.41741193218843;347.24257912412764;157;0;2;259.0;;259.0;0;1.0;259.0;0.97643;0.9683;-0.00839;49.7;
360;260.0;07/04/2023;07 avr. 2023 - 07:00:00;547;154;0.8780487804878049;158.18573490667475;149.19783888283155;327.6378012233222;347.24257912412764;154;0;3;260.0;;260.0;0;1.0;260.0;0.97727;0.9683;-0.00926;49.2;
360;261.0;07/04/2023;07 avr. 2023 - 13:00:00;551;154;0.9012345679012346;159.036686376377;147.98722843712153;335.0863270851736;347.24257912412764;154;0;1;261.0;;261.0;0;1.0;261.0;0.97727;0.9683;-0.00926;49.4;
360;262.0;07/04/2023;07 avr. 2023 - 19:00:00;549;152;0.9;155.08987504135527;149.01400620960985;335.0863270851736;347.24257912412764;152;0;3;262.0;;262.0;0;1.0;262.0;0.97828;0.9683;-0.0103;49.5;
360;263.0;08/04/2023;08 avr. 2023 - 01:00:00;549;152;0.9;155.75044289477682;147.87999068306542;335.0863270851736;347.24257912412764;152;0;1;263.0;;263.0;0;1.0;263.0;0.97828;0.9682;-0.01041;49.6;
360;264.0;08/04/2023;08 avr. 2023 - 07:00:00;547;150;0.8987341772151899;156.6094473161936;148.76827439352735;335.0863270851736;347.24257912412764;150;0;2;264.0;;264.0;0;1.0;264.0;0.97866;0.9682;-0.0108;49.6;
360;265.0;08/04/2023;08 avr. 2023 - 13:00:00;548;150;0.8987341772151899;157.3732143112517;149.05433798885002;338.40577853344365;347.24257912412764;150;0;1;265.0;;265.0;0;1.0;265.0;0.97866;0.9683;-0.01069;49.5;
360;266.0;08/04/2023;08 avr. 2023 - 19:00:00;547;149;0.9102564102564102;158.5867249550463;149.4290716275471;348.715479223345;347.24257912412764;149;0;1;266.0;;266.0;0;1.0;266.0;0.97852;0.9683;-0.01055;49.5;
360;267.0;09/04/2023;09 avr. 2023 - 01:00:00;548;150;0.9230769230769231;158.91580364447742;147.89452382556817;348.715479223345;347.24257912412764;150;0;0;267.0;;267.0;0;1.0;267.0;0.97866;0.96819;-0.01081;49.6;
360;268.0;09/04/2023;09 avr. 2023 - 07:00:00;547;149;0.9102564102564102;158.46074892355767;148.49325164532047;348.715479223345;347.24257912412764;149;0;2;268.0;;268.0;0;1.0;268.0;0.97852;0.9686;-0.01024;49.7;
360;269.0;09/04/2023;09 avr. 2023 - 13:00:00;546;148;0.922077922077922;159.50251699473947;148.9739696648346;348.715479223345;347.24257912412764;148;0;1;269.0;;269.0;0;1.0;269.0;0.97837;0.9685;-0.01019;49.6;
360;270.0;09/04/2023;09 avr. 2023 - 19:00:00;546;148;0.922077922077922;159.83858864766972;149.39218974604066;348.715479223345;347.24257912412764;148;0;0;270.0;;270.0;0;1.0;270.0;0.97837;0.9685;-0.01019;49.6;
360;271.0;10/04/2023;10 avr. 2023 - 01:00:00;545;147;0.9090909090909091;159.00379907302894;149.68273989998292;348.715479223345;347.24257912412764;147;0;2;271.0;;271.0;0;1.0;271.0;0.97959;0.9685;-0.01145;49.4;
360;272.0;10/04/2023;10 avr. 2023 - 07:00:00;547;147;0.9342105263157895;159.47382914661176;147.8128932518278;348.715479223345;347.24257912412764;147;0;1;272.0;;272.0;0;1.0;272.0;0.97959;0.9685;-0.01145;49.3;
360;273.0;10/04/2023;10 avr. 2023 - 13:00:00;545;145;0.9333333333333333;160.357202122675;148.1496156624602;348.715479223345;347.24257912412764;145;0;2;273.0;;273.0;0;1.0;273.0;0.97931;0.9685;-0.01116;49.3;
360;274.0;10/04/2023;10 avr. 2023 - 19:00:00;542;142;0.9452054794520548;161.40807830747565;148.02059701369063;348.715479223345;347.24257912412764;142;0;4;274.0;;274.0;0;1.0;274.0;0.97887;0.9684;-0.01081;49.0;
360;275.0;11/04/2023;11 avr. 2023 - 01:00:00;541;141;0.9315068493150684;161.53382598925532;148.27897844683392;348.715479223345;347.24257912412764;141;0;2;275.0;;275.0;0;1.0;275.0;0.97872;0.9683;-0.01076;49.1;
360;276.0;11/04/2023;11 avr. 2023 - 07:00:00;540;140;0.8918918918918919;159.72240413417745;148.4523849783868;348.715479223345;347.24257912412764;140;0;2;276.0;;276.0;0;1.0;276.0;0.97928;0.9683;-0.01133;49.1;
360;277.0;11/04/2023;11 avr. 2023 - 13:00:00;538;138;0.8904109589041096;162.25663357864434;150.90869849542108;348.715479223345;355.98513049713733;138;0;2;277.0;;277.0;0;1.0;277.0;0.97898;0.9683;-0.01102;49.0;
360;278.0;11/04/2023;11 avr. 2023 - 19:00:00;541;137;0.8767123287671232;162.73832028492214;150.53944404976335;348.715479223345;355.98513049713733;137;0;1;278.0;;278.0;0;1.0;278.0;0.97883;0.968;-0.01118;48.7;
360;279.0;12/04/2023;12 avr. 2023 - 01:00:00;538;134;0.8611111111111112;161.19900426310735;149.56397606051928;348.715479223345;347.24257912412764;134;0;3;279.0;;279.0;0;1.0;279.0;0.9791;0.9681;-0.01136;48.6;
360;280.0;12/04/2023;12 avr. 2023 - 07:00:00;537;133;0.8732394366197183;161.32674140499358;149.6741794592456;348.715479223345;347.24257912412764;133;0;1;280.0;;280.0;0;1.0;280.0;0.97894;0.9681;-0.01119;48.6;
360;281.0;12/04/2023;12 avr. 2023 - 13:00:00;537;133;0.8732394366197183;161.6757308078255;150.02412778390615;348.715479223345;347.24257912412764;133;0;0;281.0;;281.0;0;1.0;281.0;0.97894;0.9681;-0.01119;48.6;
360;282.0;12/04/2023;12 avr. 2023 - 19:00:00;536;132;0.8591549295774648;162.34451220133775;150.7485977750944;348.715479223345;347.24257912412764;132;0;1;282.0;;282.0;0;1.0;282.0;0.97878;0.9679;-0.01124;48.2;
360;283.0;13/04/2023;13 avr. 2023 - 01:00:00;537;133;0.8472222222222222;160.6393889551155;151.10323052051334;348.715479223345;347.24257912412764;133;0;0;283.0;;283.0;0;1.0;283.0;0.97894;0.9679;-0.0114;48.3;
360;284.0;13/04/2023;13 avr. 2023 - 07:00:00;536;132;0.8333333333333334;161.15302626826636;152.1662507416205;348.715479223345;347.24257912412764;132;0;1;284.0;;284.0;0;1.0;284.0;0.97878;0.9681;-0.01103;48.3;
360;285.0;13/04/2023;13 avr. 2023 - 13:00:00;540;132;0.8333333333333334;162.10231820654627;152.62146208876933;348.715479223345;347.24257912412764;132;0;0;285.0;;285.0;0;1.0;285.0;0.97878;0.9681;-0.01103;48.3;
360;286.0;13/04/2023;13 avr. 2023 - 19:00:00;539;131;0.8450704225352113;163.75850857824096;153.30672170206;348.715479223345;347.24257912412764;131;0;1;286.0;;286.0;0;1.0;286.0;0.98015;0.9681;-0.01244;48.1;
360;287.0;14/04/2023;14 avr. 2023 - 01:00:00;540;132;0.8333333333333334;161.98936262207505;154.07711405142342;348.715479223345;347.24257912412764;132;0;0;287.0;;287.0;0;1.0;287.0;0.9803;0.9681;-0.0126;48.2;
360;288.0;14/04/2023;14 avr. 2023 - 07:00:00;540;132;0.8591549295774648;162.4465034878042;152.12969826177945;348.715479223345;347.24257912412764;132;0;1;288.0;;288.0;0;1.0;288.0;0.98106;0.96819;-0.01329;48.1;
360;289.0;14/04/2023;14 avr. 2023 - 13:00:00;539;131;0.8714285714285714;165.3541304142115;153.03170701049925;348.715479223345;347.24257912412764;131;0;1;289.0;;289.0;0;1.0;289.0;0.98091;0.9681;-0.01323;48.0;
360;290.0;14/04/2023;14 avr. 2023 - 19:00:00;539;131;0.8714285714285714;165.83650928053805;153.44500872349101;348.715479223345;347.24257912412764;131;0;0;290.0;;290.0;0;1.0;290.0;0.98091;0.9681;-0.01323;48.0;
360;291.0;15/04/2023;15 avr. 2023 - 01:00:00;538;130;0.8840579710144928;167.7244414965729;154.0317022343801;348.715479223345;347.24257912412764;130;0;1;291.0;;291.0;0;1.0;291.0;0.98153;0.9681;-0.01387;47.8;
360;292.0;15/04/2023;15 avr. 2023 - 07:00:00;538;129;0.8970588235294118;168.10012426805383;154.54241548171024;348.715479223345;350.7958066653688;129;0;1;292.0;;292.0;0;1.0;292.0;0.98139;0.9681;-0.01372;47.8;
360;293.0;15/04/2023;15 avr. 2023 - 13:00:00;539;130;0.8840579710144928;166.1268757165664;154.86404437243806;348.715479223345;350.7958066653688;130;0;0;293.0;;293.0;0;1.0;293.0;0.98153;0.96819;-0.01377;47.9;
360;294.0;15/04/2023;15 avr. 2023 - 19:00:00;538;129;0.8970588235294118;166.58432468202568;155.10786314721165;348.715479223345;350.7958066653688;129;0;1;294.0;;294.0;0;1.0;294.0;0.98139;0.968;-0.01383;47.9;
360;295.0;16/04/2023;16 avr. 2023 - 01:00:00;536;127;0.8955223880597015;167.23170283876712;153.3142023188151;348.715479223345;350.7958066653688;127;0;2;295.0;;295.0;0;1.0;295.0;0.9811;0.96799;-0.01354;47.7;
360;296.0;16/04/2023;16 avr. 2023 - 07:00:00;534;125;0.9230769230769231;169.76048569577998;153.6311430709134;348.715479223345;350.7958066653688;125;0;2;296.0;;296.0;0;1.0;296.0;0.9808;0.9677;-0.01353;47.3;
360;297.0;16/04/2023;16 avr. 2023 - 13:00:00;532;123;0.921875;170.0286230063371;155.43506254910122;348.715479223345;350.7958066653688;123;0;2;297.0;;297.0;0;1.0;297.0;0.98048;0.9678;-0.0131;47.3;
360;298.0;16/04/2023;16 avr. 2023 - 19:00:00;531;122;0.9365079365079365;170.31462098431444;155.89973868086926;348.715479223345;350.7958066653688;122;0;1;298.0;;298.0;0;1.0;298.0;0.98032;0.9676;-0.01314;47.2;
360;299.0;17/04/2023;17 avr. 2023 - 01:00:00;531;122;0.9365079365079365;170.46103676973232;156.2912704908125;348.715479223345;350.7958066653688;122;0;0;299.0;;299.0;0;1.0;299.0;0.98032;0.9676;-0.01314;47.2;
360;300.0;17/04/2023;17 avr. 2023 - 07:00:00;529;120;0.9672131147540983;173.3414012679521;156.78055860974754;348.715479223345;350.7958066653688;120;0;2;300.0;;300.0;0;1.0;300.0;0.98;0.9677;-0.01271;47.1;
360;301.0;17/04/2023;17 avr. 2023 - 13:00:00;526;117;0.95;171.31539776391114;158.60259559650197;348.715479223345;350.7958066653688;117;0;3;301.0;;301.0;0;1.0;301.0;0.98034;0.96749;-0.01328;46.6;
360;302.0;17/04/2023;17 avr. 2023 - 19:00:00;525;116;0.9661016949152542;169.52461445523227;159.04384382958003;348.715479223345;350.7958066653688;116;0;1;302.0;;302.0;0;1.0;302.0;0.98017;0.96749;-0.0131;46.6;
360;303.0;18/04/2023;18 avr. 2023 - 01:00:00;525;116;0.9661016949152542;169.94630205181886;159.3524889292842;348.715479223345;350.7958066653688;116;0;0;303.0;;303.0;0;1.0;303.0;0.98017;0.96749;-0.0131;46.6;
360;304.0;18/04/2023;18 avr. 2023 - 07:00:00;526;117;0.9830508474576272;170.23643379855235;156.804774212486;348.715479223345;350.7958066653688;117;0;0;304.0;;304.0;0;1.0;304.0;0.98034;0.96739;-0.01338;46.7;
360;305.0;18/04/2023;18 avr. 2023 - 13:00:00;524;115;0.9827586206896551;172.2759522175637;158.6024613408757;348.715479223345;350.7958066653688;115;0;2;305.0;;305.0;0;1.0;305.0;0.98;0.9673;-0.01312;46.5;
360;306.0;18/04/2023;18 avr. 2023 - 19:00:00;525;116;0.9661016949152542;169.75822421530768;158.9308358676735;348.715479223345;356.6843708342913;116;0;0;306.0;;306.0;0;1.0;306.0;0.98017;0.9676;-0.01299;46.6;
360;307.0;19/04/2023;19 avr. 2023 - 01:00:00;524;115;0.9827586206896551;172.41055417638904;159.19168517923686;348.715479223345;366.9842676978192;115;0;1;307.0;;307.0;0;1.0;307.0;0.98;0.96739;-0.01303;46.5;
360;308.0;19/04/2023;19 avr. 2023 - 07:00:00;522;113;1.0178571428571428;173.748018651171;159.62316681446697;348.715479223345;366.9842676978192;113;0;2;308.0;;308.0;0;1.0;308.0;0.97964;0.9673;-0.01275;46.1;
360;309.0;19/04/2023;19 avr. 2023 - 13:00:00;522;113;1.0178571428571428;174.26280572529575;160.30976225452764;348.715479223345;373.37467050765264;113;0;0;309.0;;309.0;0;1.0;309.0;0.97964;0.9673;-0.01275;46.1;
360;310.0;19/04/2023;19 avr. 2023 - 19:00:00;526;113;1.0178571428571428;174.59980207322195;160.63338078404215;348.715479223345;374.13068510956174;113;0;0;310.0;;310.0;0;1.0;310.0;0.97964;0.9673;-0.01275;46.1;
360;311.0;20/04/2023;20 avr. 2023 - 01:00:00;526;113;1.0178571428571428;174.9603951349748;161.09304473320057;348.715479223345;374.13068510956174;113;0;0;311.0;;311.0;0;1.0;311.0;0.97964;0.9673;-0.01275;46.1;
360;312.0;20/04/2023;20 avr. 2023 - 07:00:00;526;113;1.0178571428571428;175.4243463176197;161.22981216205497;348.715479223345;374.13068510956174;113;0;0;312.0;;312.0;0;1.0;312.0;0.97964;0.9673;-0.01275;46.1;
360;313.0;20/04/2023;20 avr. 2023 - 13:00:00;526;113;1.0178571428571428;175.73987200800067;161.52270331709045;348.715479223345;375.7938126933067;113;0;0;313.0;;313.0;0;1.0;313.0;0.97964;0.9673;-0.01275;46.1;
360;314.0;20/04/2023;20 avr. 2023 - 19:00:00;527;114;1.0;172.89999460754723;161.64312588702526;348.715479223345;376.8954785332108;114;0;0;314.0;;314.0;0;1.0;314.0;0.97982;0.96749;-0.01274;46.2;
360;315.0;21/04/2023;21 avr. 2023 - 01:00:00;527;114;0.9655172413793104;170.3076108922724;162.0497615798735;348.715479223345;381.1598833370099;114;0;1;315.0;;315.0;0;1.0;315.0;0.97982;0.9673;-0.01294;46.4;
360;316.0;21/04/2023;21 avr. 2023 - 07:00:00;530;113;0.9824561403508771;171.847528382822;162.07300208073633;348.715479223345;381.1598833370099;113;0;1;316.0;;316.0;0;1.0;316.0;0.97964;0.9672;-0.01286;46.4;
360;317.0;21/04/2023;21 avr. 2023 - 13:00:00;530;113;0.9824561403508771;172.81918788454288;162.14201076355585;348.715479223345;381.1598833370099;113;0;0;317.0;;317.0;0;1.0;317.0;0.97964;0.9672;-0.01286;46.4;
360;318.0;21/04/2023;21 avr. 2023 - 19:00:00;538;119;1.0169491525423728;167.79341360549154;151.4819069800505;348.715479223345;381.1598833370099;119;5;0;318.0;;318.0;2;0.957983193277311;318.0;0.98067;0.9672;-0.01392;46.4;
360;319.0;22/04/2023;22 avr. 2023 - 01:00:00;606;182;0.9361702127659575;104.83458864264517;103.5270300919463;348.715479223345;381.1598833370099;182;63;1;319.0;;319.0;12;0.6263736263736264;319.0;0.97967;0.96639;-0.01374;47.3;
360;320.0;22/04/2023;22 avr. 2023 - 07:00:00;589;224;0.9478260869565217;81.41069925937784;83.89709333758451;348.715479223345;381.1598833370099;224;44;2;320.0;;320.0;16;0.5;320.0;0.97812;0.9661;-0.01244;47.4;
360;321.0;22/04/2023;22 avr. 2023 - 13:00:00;589;263;0.9626865671641791;65.81191019332267;71.24823978253131;348.715479223345;381.1598833370099;263;40;2;321.0;;321.0;21;0.4220532319391635;321.0;0.97832;0.9658;-0.01296;47.6;
360;322.0;22/04/2023;22 avr. 2023 - 19:00:00;557;270;0.9565217391304348;63.02065541800435;68.78022146625935;348.715479223345;381.1598833370099;270;9;3;322.0;;322.0;22;0.4074074074074074;322.0;0.97851;0.9659;-0.01305;47.7;
360;323.0;23/04/2023;23 avr. 2023 - 01:00:00;551;273;0.95;62.16444652484466;68.44442835799346;348.715479223345;381.1598833370099;273;4;1;323.0;;323.0;22;0.3992673992673993;323.0;0.97875;0.96589;-0.01331;47.7;
360;324.0;23/04/2023;23 avr. 2023 - 07:00:00;555;280;0.971830985915493;61.38433450760157;66.25695485252741;348.715479223345;381.1598833370099;280;8;1;324.0;;324.0;23;0.38571428571428573;324.0;0.97857;0.96589;-0.01312;47.6;
360;325.0;23/04/2023;23 avr. 2023 - 13:00:00;546;279;0.9787234042553191;61.5976747456345;66.52837707010183;348.715479223345;381.1598833370099;279;0;1;325.0;;325.0;23;0.3835125448028674;325.0;0.97849;0.9658;-0.01313;47.5;
360;326.0;23/04/2023;23 avr. 2023 - 19:00:00;546;279;0.9787234042553191;61.70740223744754;65.18163887448854;348.715479223345;381.1598833370099;279;0;1;326.0;;326.0;23;0.3835125448028674;326.0;0.97849;0.966;-0.01292;47.6;
360;327.0;24/04/2023;24 avr. 2023 - 01:00:00;544;277;0.9645390070921985;61.75737781079974;64.8629143538181;348.715479223345;381.1598833370099;277;0;2;327.0;;327.0;23;0.37906137184115524;327.0;0.97833;0.966;-0.01276;47.6;
360;328.0;24/04/2023;24 avr. 2023 - 07:00:00;548;281;0.965034965034965;61.03312524461724;64.07875712776341;348.715479223345;381.1598833370099;281;4;0;328.0;;328.0;23;0.3736654804270463;328.0;0.97864;0.966;-0.01308;47.6;
360;329.0;24/04/2023;24 avr. 2023 - 13:00:00;543;280;0.958041958041958;61.04913566552159;64.68384530613146;348.715479223345;381.1598833370099;280;0;1;329.0;;329.0;23;0.37142857142857144;329.0;0.97857;0.96589;-0.01312;47.5;
360;330.0;24/04/2023;24 avr. 2023 - 19:00:00;542;279;0.951048951048951;61.09980578081036;64.53605543500615;348.715479223345;381.1598833370099;279;0;1;330.0;;330.0;23;0.36917562724014336;330.0;0.97849;0.96589;-0.01304;47.5;
360;331.0;25/04/2023;25 avr. 2023 - 01:00:00;542;279;0.951048951048951;61.16944462819709;64.69900862019996;348.715479223345;381.1598833370099;279;0;0;331.0;;331.0;23;0.36917562724014336;331.0;0.97849;0.96589;-0.01304;47.5;
360;332.0;25/04/2023;25 avr. 2023 - 07:00:00;540;277;0.9370629370629371;61.17858909713642;64.8389935529747;348.715479223345;381.1598833370099;277;0;2;332.0;;332.0;23;0.36823104693140796;332.0;0.9787;0.966;-0.01314;47.5;
360;333.0;25/04/2023;25 avr. 2023 - 13:00:00;540;277;0.9370629370629371;61.19231083868733;64.97488289797977;348.715479223345;381.1598833370099;277;0;0;333.0;;333.0;23;0.36823104693140796;333.0;0.9787;0.966;-0.01314;47.5;
360;334.0;25/04/2023;25 avr. 2023 - 19:00:00;542;278;0.9041095890410958;59.942365736679214;63.208954338202105;348.715479223345;381.1598833370099;278;4;3;334.0;;334.0;24;0.3597122302158273;334.0;0.97877;0.9658;-0.01342;47.3;
360;335.0;26/04/2023;26 avr. 2023 - 01:00:00;540;279;0.8979591836734694;59.56570320442876;63.31861943038247;348.715479223345;381.1598833370099;279;1;0;335.0;;335.0;25;0.35842293906810035;335.0;0.97885;0.9658;-0.01351;47.3;
360;336.0;26/04/2023;26 avr. 2023 - 07:00:00;537;277;0.8843537414965986;59.60982094083252;63.51835958928413;348.715479223345;381.1598833370099;277;0;2;336.0;;336.0;25;0.3574007220216607;336.0;0.97906;0.96579;-0.01374;47.2;
360;337.0;26/04/2023;26 avr. 2023 - 13:00:00;537;277;0.8843537414965986;59.60982094083252;63.62092412706363;348.715479223345;381.1598833370099;277;0;0;337.0;;337.0;25;0.3574007220216607;337.0;0.97906;0.96579;-0.01374;47.2;
360;338.0;26/04/2023;26 avr. 2023 - 19:00:00;537;277;0.8843537414965986;59.622750436508014;63.705793869130254;348.715479223345;381.1598833370099;277;0;0;338.0;;338.0;25;0.3574007220216607;338.0;0.97906;0.96579;-0.01374;47.2;
360;339.0;27/04/2023;27 avr. 2023 - 01:00:00;538;278;0.8783783783783784;59.27806020621188;63.7810533878343;348.715479223345;381.1598833370099;278;0;0;339.0;;339.0;25;0.3597122302158273;339.0;0.97913;0.96579;-0.01381;47.2;
360;340.0;27/04/2023;27 avr. 2023 - 07:00:00;540;279;0.8851351351351351;59.376198309913015;63.20017573778436;348.715479223345;381.1598833370099;279;2;1;340.0;;340.0;26;0.3548387096774194;340.0;0.97921;0.96579;-0.01389;47.2;
360;341.0;27/04/2023;27 avr. 2023 - 13:00:00;537;278;0.8783783783783784;59.47146760360792;62.57251991681798;348.715479223345;381.1598833370099;278;0;1;341.0;;341.0;26;0.35251798561151076;341.0;0.97913;0.96579;-0.01381;47.2;
360;342.0;27/04/2023;27 avr. 2023 - 19:00:00;541;281;0.8859060402684564;57.78707948536165;61.6603700555078;348.715479223345;381.1598833370099;281;4;1;342.0;;342.0;27;0.34519572953736655;342.0;0.979;0.9657;-0.01377;47.2;
360;343.0;28/04/2023;28 avr. 2023 - 01:00:00;537;281;0.8859060402684564;57.87097378066366;61.71394251813893;348.715479223345;381.1598833370099;281;0;0;343.0;;343.0;27;0.34519572953736655;343.0;0.979;0.9657;-0.01377;47.2;
360;344.0;28/04/2023;28 avr. 2023 - 07:00:00;536;280;0.8918918918918919;58.346455022424905;61.801302787618596;348.715479223345;381.1598833370099;280;0;1;344.0;;344.0;27;0.3464285714285714;344.0;0.97892;0.9656;-0.01379;47.2;
360;345.0;28/04/2023;28 avr. 2023 - 13:00:00;536;280;0.8918918918918919;58.41707999283089;61.89479851404584;348.715479223345;381.1598833370099;280;0;0;345.0;;345.0;27;0.3464285714285714;345.0;0.97892;0.9656;-0.01379;47.2;
360;346.0;28/04/2023;28 avr. 2023 - 19:00:00;536;280;0.8918918918918919;58.46046539126948;61.9571986045762;348.715479223345;381.1598833370099;280;0;0;346.0;;346.0;27;0.3464285714285714;346.0;0.97892;0.9656;-0.01379;47.2;
360;347.0;29/04/2023;29 avr. 2023 - 01:00:00;536;280;0.8918918918918919;58.514459574160576;61.999374718185614;348.715479223345;381.1598833370099;280;0;0;347.0;;347.0;27;0.3464285714285714;347.0;0.97892;0.9656;-0.01379;47.2;
360;348.0;29/04/2023;29 avr. 2023 - 07:00:00;539;279;0.8979591836734694;57.79101770633795;62.113536483172425;348.715479223345;381.1598833370099;279;0;1;348.0;;348.0;27;0.34408602150537637;348.0;0.97885;0.9656;-0.01372;47.2;
360;349.0;29/04/2023;29 avr. 2023 - 13:00:00;538;278;0.9041095890410958;56.80249981731057;62.22640432256044;348.715479223345;381.1598833370099;278;0;1;349.0;;349.0;27;0.34172661870503596;349.0;0.97877;0.9656;-0.01363;47.2;
360;350.0;29/04/2023;29 avr. 2023 - 19:00:00;538;278;0.9041095890410958;56.90691733060159;62.22640432256044;348.715479223345;381.1598833370099;278;0;0;350.0;;350.0;27;0.34172661870503596;350.0;0.97877;0.9656;-0.01363;47.2;
360;351.0;30/04/2023;30 avr. 2023 - 01:00:00;538;278;0.9041095890410958;56.94657361206704;62.22640432256044;348.715479223345;381.1598833370099;278;0;0;351.0;;351.0;27;0.34172661870503596;351.0;0.97877;0.9656;-0.01363;47.2;
360;352.0;30/04/2023;30 avr. 2023 - 07:00:00;538;278;0.9041095890410958;56.94725446605966;62.22640432256044;348.715479223345;381.1598833370099;278;0;0;352.0;;352.0;27;0.34172661870503596;352.0;0.97877;0.9656;-0.01363;47.2;
360;353.0;30/04/2023;30 avr. 2023 - 13:00:00;538;278;0.9041095890410958;56.958671993105085;62.26350023525637;348.715479223345;381.1598833370099;278;0;0;353.0;;353.0;27;0.34172661870503596;353.0;0.97877;0.9656;-0.01363;47.2;
360;354.0;30/04/2023;30 avr. 2023 - 19:00:00;536;276;0.9166666666666666;56.39765024850041;62.31952125694638;348.715479223345;381.1598833370099;276;0;2;354.0;;354.0;27;0.34057971014492755;354.0;0.97862;0.9657;-0.01337;47.2;
360;355.0;01/05/2023;01 mai 2023 - 01:00:00;535;275;0.9097222222222222;56.39765024850041;61.89662437964257;348.715479223345;387.868271545707;275;0;1;355.0;;355.0;27;0.3381818181818182;355.0;0.97854;0.9657;-0.01329;47.1;
360;356.0;01/05/2023;01 mai 2023 - 07:00:00;534;274;0.916083916083916;55.485986427724114;62.15364333243588;348.715479223345;392.1850891124797;274;0;1;356.0;;356.0;27;0.3357664233576642;356.0;0.97846;0.9657;-0.01321;47.1;
360;357.0;01/05/2023;01 mai 2023 - 13:00:00;534;274;0.916083916083916;55.488237268428094;62.55854795273104;348.715479223345;401.98890527754577;274;0;0;357.0;;357.0;27;0.3357664233576642;357.0;0.97846;0.9657;-0.01321;47.1;
360;358.0;01/05/2023;01 mai 2023 - 19:00:00;533;273;0.9090909090909091;55.488237268428094;63.2516442791534;348.715479223345;401.98890527754577;273;0;1;358.0;;358.0;27;0.336996336996337;358.0;0.97838;0.9657;-0.01313;47.1;
360;359.0;02/05/2023;02 mai 2023 - 01:00:00;531;271;0.8951048951048951;55.49733990444595;60.49674527282711;348.715479223345;375.00086106567807;271;0;2;359.0;;359.0;27;0.33210332103321033;359.0;0.97822;0.9657;-0.01296;47.1;
360;360.0;02/05/2023;02 mai 2023 - 07:00:00;531;271;0.8951048951048951;55.49733990444595;60.578983984746216;348.715479223345;378.9183646538745;271;0;0;360.0;;360.0;27;0.33210332103321033;360.0;0.97822;0.9657;-0.01296;47.1;
360;361.0;02/05/2023;02 mai 2023 - 13:00:00;527;267;0.8936170212765957;56.28453621514731;60.27231489563505;348.715479223345;378.9183646538745;267;0;4;361.0;;361.0;27;0.3333333333333333;361.0;0.9779;0.96549;-0.01285;47.1;
360;362.0;02/05/2023;02 mai 2023 - 19:00:00;527;267;0.8936170212765957;56.357501659044125;60.30510438020514;348.715479223345;378.9183646538745;267;0;0;362.0;;362.0;27;0.3333333333333333;362.0;0.9779;0.96549;-0.01285;47.1;
360;363.0;03/05/2023;03 mai 2023 - 01:00:00;526;266;0.9;56.26523832090556;60.37038186728592;348.715479223345;378.9183646538745;266;0;1;363.0;;363.0;27;0.3308270676691729;363.0;0.97781;0.9654;-0.01285;47.0;
360;364.0;03/05/2023;03 mai 2023 - 07:00:00;525;265;0.9064748201438849;56.67002420810632;60.53445597163835;348.715479223345;379.99048049103203;265;0;1;364.0;;364.0;27;0.3320754716981132;364.0;0.97811;0.96529;-0.01328;47.0;
360;365.0;03/05/2023;03 mai 2023 - 13:00:00;525;265;0.9064748201438849;56.70141617074368;60.80950265889841;348.715479223345;389.8458374793811;265;0;0;365.0;;365.0;27;0.3320754716981132;365.0;0.97811;0.96529;-0.01328;47.0;
360;366.0;03/05/2023;03 mai 2023 - 19:00:00;525;265;0.9064748201438849;56.7055020210506;60.99505834518127;348.715479223345;389.8458374793811;265;0;0;366.0;;366.0;27;0.3320754716981132;366.0;0.97811;0.96529;-0.01328;47.0;
360;367.0;04/05/2023;04 mai 2023 - 01:00:00;525;265;0.9064748201438849;56.74774870937215;61.19349887793686;348.715479223345;389.8458374793811;265;0;0;367.0;;367.0;27;0.3320754716981132;367.0;0.97811;0.96529;-0.01328;47.0;
360;368.0;04/05/2023;04 mai 2023 - 07:00:00;525;265;0.9064748201438849;56.74774870937215;61.41086063509703;348.715479223345;389.8458374793811;265;0;0;368.0;;368.0;27;0.3320754716981132;368.0;0.97811;0.96529;-0.01328;47.0;
360;369.0;04/05/2023;04 mai 2023 - 13:00:00;530;269;0.9078014184397163;55.942816103565455;60.62710383698534;348.715479223345;389.8458374793811;269;4;0;369.0;;369.0;28;0.3271375464684015;369.0;0.97806;0.9657;-0.01279;47.0;
360;370.0;04/05/2023;04 mai 2023 - 19:00:00;526;269;0.8943661971830986;55.548852609878374;59.277544231704965;348.715479223345;389.8458374793811;269;0;1;370.0;;370.0;28;0.3271375464684015;370.0;0.97769;0.9657;-0.01241;47.1;
360;371.0;05/05/2023;05 mai 2023 - 01:00:00;525;268;0.8873239436619719;55.590669547868295;58.91811768588634;348.715479223345;389.8458374793811;268;0;1;371.0;;371.0;28;0.3246268656716418;371.0;0.97761;0.9654;-0.01264;47.0;
360;372.0;05/05/2023;05 mai 2023 - 07:00:00;529;268;0.8873239436619719;55.622981714690546;58.969060405982354;348.715479223345;389.8458374793811;268;0;0;372.0;;372.0;28;0.3246268656716418;372.0;0.97761;0.9654;-0.01264;47.0;
360;373.0;05/05/2023;05 mai 2023 - 13:00:00;533;268;0.900709219858156;55.4085351059442;58.514717675647624;348.715479223345;389.8458374793811;268;0;1;373.0;;373.0;28;0.3246268656716418;373.0;0.97723;0.96549;-0.01215;47.1;
360;374.0;05/05/2023;05 mai 2023 - 19:00:00;536;267;0.9071428571428571;55.23640305236551;58.58836178659887;348.715479223345;389.8458374793811;267;0;1;374.0;;374.0;28;0.32209737827715357;374.0;0.97715;0.96549;-0.01207;46.9;
360;375.0;06/05/2023;06 mai 2023 - 01:00:00;538;268;0.900709219858156;54.91342224662341;58.645876580190375;348.715479223345;389.8458374793811;268;0;1;375.0;;375.0;28;0.3283582089552239;375.0;0.97686;0.96549;-0.01177;47.1;
360;376.0;06/05/2023;06 mai 2023 - 07:00:00;546;266;0.8865248226950354;55.14731729008447;56.83186065886214;348.715479223345;389.8458374793811;266;0;2;376.0;;376.0;28;0.3233082706766917;376.0;0.97706;0.96549;-0.01198;47.1;
360;377.0;06/05/2023;06 mai 2023 - 13:00:00;546;265;0.8794326241134752;55.3239091718359;55.00402995642405;348.715479223345;389.8458374793811;265;0;1;377.0;;377.0;28;0.32075471698113206;377.0;0.97698;0.96559;-0.01179;47.1;
360;378.0;06/05/2023;06 mai 2023 - 19:00:00;549;264;0.8723404255319149;55.530291662521414;54.71843588742982;348.715479223345;389.8458374793811;264;0;1;378.0;;378.0;28;0.3181818181818182;378.0;0.97727;0.96559;-0.01209;47.1;
