<repast.simphony.visualization.editedStyle.DefaultEditedStyleData2D>
  <shapeWkt>circle</shapeWkt>
  <size>100.0</size>
  <sizeMax>500.0</sizeMax>
  <sizeMin>10.0</sizeMin>
  <sizeScale>1000.0</sizeScale>
  <sizeMethodName>getFullCarrierLoad_Uagent</sizeMethodName>
  <sizeMaxMethodName>getHumanPopSize_Uindividual</sizeMaxMethodName>
  <label>getThisName</label>
  <labelMethod>getThisName</labelMethod>
  <labelPosition>bottom</labelPosition>
  <labelPrecision>3</labelPrecision>
  <labelOffset>5.0</labelOffset>
  <labelFontSize>35</labelFontSize>
  <labelFontType>0</labelFontType>
  <labelFontFamily>Arial</labelFontFamily>
  <labelColor>
    <float>0.4</float>
    <float>0.0</float>
    <float>0.0</float>
  </labelColor>
  <color>
    <float>0.2</float>
    <float>0.4</float>
    <float>1.0</float>
  </color>
  <colorMax>
    <float>10.0</float>
    <float>10.0</float>
    <float>10.0</float>
  </colorMax>
  <colorMin>
    <float>0.0</float>
    <float>0.0</float>
    <float>0.0</float>
  </colorMin>
  <colorScale>
    <float>1.0</float>
    <float>1.0</float>
    <float>1.0</float>
  </colorScale>
</repast.simphony.visualization.editedStyle.DefaultEditedStyleData2D>