<repast.simphony.visualization.editedStyle.DefaultEditedStyleData2D>
  <shapeWkt>circle</shapeWkt>
  <size>100.0</size>
  <sizeMax>500.0</sizeMax>
  <sizeMin>0.0</sizeMin>
  <sizeScale>300.0</sizeScale>
  <sizeMethodName>getFullRodentLoad_Urodent</sizeMethodName>
  <sizeMaxMethodName>getFullRodentLoad_Urodent</sizeMaxMethodName>
  <label></label>
  <labelMethod>getThisName</labelMethod>
  <labelPosition>bottom</labelPosition>
  <labelPrecision>6</labelPrecision>
  <labelOffset>0.0</labelOffset>
  <labelFontSize>35</labelFontSize>
  <labelFontType>0</labelFontType>
  <labelFontFamily>Arial</labelFontFamily>
  <labelColor>
    <float>0.4</float>
    <float>0.0</float>
    <float>0.0</float>
  </labelColor>
  <color>
    <float>0.0</float>
    <float>1.0</float>
    <float>0.0</float>
  </color>
  <colorMax>
    <float>10.0</float>
    <float>10.0</float>
    <float>10.0</float>
  </colorMax>
  <colorMin>
    <float>0.0</float>
    <float>0.0</float>
    <float>0.0</float>
  </colorMin>
  <colorScale>
    <float>1.0</float>
    <float>1.0</float>
    <float>1.0</float>
  </colorScale>
</repast.simphony.visualization.editedStyle.DefaultEditedStyleData2D>