"";"CELL_WIDTH_Ucm";"INIT_POP_SIZE";"NUMBER_OF_BURROW_SYSTEM";"MAX_AGE_Uday";"AGENT_PERCEPTION_RADIUS_UmeterByDay";"AGENT_SPEED_UmeterByDay";"REPRO_START_Umonth";"REPRO_END_Umonth";"MALE_SEXUAL_MATURITY_Uday";"FEMALE_SEXUAL_MATURITY_Uday";"GESTATION_LENGTH_Uday";"MATING_LATENCY_Uday";"LITTER_SIZE";"WEANING_AGE_Uday";"FEMALE_BURROW_SYSTEM_CARRYING_CAPACITY_MULTIPLIER"
"1";599;1400;55;840;42;9;2;11;38;80;10;11;11;23;4
"2";1271;1400;55;840;42;9;2;11;38;80;10;11;11;23;4
"3";1271;500;55;840;42;9;2;11;38;80;10;11;11;23;4
"4";1271;500;100;840;42;9;2;11;38;80;10;11;11;23;4
"5";1271;500;100;300;42;9;2;11;38;80;10;11;11;23;4
"6";1271;500;100;300;15;9;2;11;38;80;10;11;11;23;4
"7";1271;500;100;300;15;21;2;11;38;80;10;11;11;23;4
"8";1271;500;100;300;15;21;5;11;38;80;10;11;11;23;4
"9";1271;500;100;300;15;21;5;8;38;80;10;11;11;23;4
"10";1271;500;100;300;15;21;5;8;77;80;10;11;11;23;4
"11";1271;500;100;300;15;21;5;8;77;44;10;11;11;23;4
"12";1271;500;100;300;15;21;5;8;77;44;28;11;11;23;4
"13";1271;500;100;300;15;21;5;8;77;44;28;20;11;23;4
"14";1271;500;100;300;15;21;5;8;77;44;28;20;5;23;4
"15";1271;500;100;300;15;21;5;8;77;44;28;20;5;5;4
"16";1271;500;100;300;15;21;5;8;77;44;28;20;5;5;1
"17";1047;1400;25;1200;51;17;5;9;38;56;40;17;1;29;1
"18";375;1400;25;1200;51;17;5;9;38;56;40;17;1;29;1
"19";375;500;25;1200;51;17;5;9;38;56;40;17;1;29;1
"20";375;500;70;1200;51;17;5;9;38;56;40;17;1;29;1
"21";375;500;70;660;51;17;5;9;38;56;40;17;1;29;1
"22";375;500;70;660;24;17;5;9;38;56;40;17;1;29;1
"23";375;500;70;660;24;5;5;9;38;56;40;17;1;29;1
"24";375;500;70;660;24;5;2;9;38;56;40;17;1;29;1
"25";375;500;70;660;24;5;2;6;38;56;40;17;1;29;1
"26";375;500;70;660;24;5;2;6;77;56;40;17;1;29;1
"27";375;500;70;660;24;5;2;6;77;20;40;17;1;29;1
"28";375;500;70;660;24;5;2;6;77;20;22;17;1;29;1
"29";375;500;70;660;24;5;2;6;77;20;22;8;1;29;1
"30";375;500;70;660;24;5;2;6;77;20;22;8;7;29;1
"31";375;500;70;660;24;5;2;6;77;20;22;8;7;11;1
"32";375;500;70;660;24;5;2;6;77;20;22;8;7;11;4
"33";599;1400;40;300;24;9;2;11;64;68;22;11;5;11;6
"34";1271;1400;40;300;24;9;2;11;64;68;22;11;5;11;6
"35";1271;500;40;300;24;9;2;11;64;68;22;11;5;11;6
"36";1271;500;85;300;24;9;2;11;64;68;22;11;5;11;6
"37";1271;500;85;840;24;9;2;11;64;68;22;11;5;11;6
"38";1271;500;85;840;51;9;2;11;64;68;22;11;5;11;6
"39";1271;500;85;840;51;21;2;11;64;68;22;11;5;11;6
"40";1271;500;85;840;51;21;5;11;64;68;22;11;5;11;6
"41";1271;500;85;840;51;21;5;8;64;68;22;11;5;11;6
"42";1271;500;85;840;51;21;5;8;25;68;22;11;5;11;6
"43";1271;500;85;840;51;21;5;8;25;32;22;11;5;11;6
"44";1271;500;85;840;51;21;5;8;25;32;40;11;5;11;6
"45";1271;500;85;840;51;21;5;8;25;32;40;20;5;11;6
"46";1271;500;85;840;51;21;5;8;25;32;40;20;11;11;6
"47";1271;500;85;840;51;21;5;8;25;32;40;20;11;29;6
"48";1271;500;85;840;51;21;5;8;25;32;40;20;11;29;3
"49";1495;2000;85;1200;51;21;6;11;90;20;22;5;1;11;6
"50";823;2000;85;1200;51;21;6;11;90;20;22;5;1;11;6
"51";823;1100;85;1200;51;21;6;11;90;20;22;5;1;11;6
"52";823;1100;40;1200;51;21;6;11;90;20;22;5;1;11;6
"53";823;1100;40;660;51;21;6;11;90;20;22;5;1;11;6
"54";823;1100;40;660;24;21;6;11;90;20;22;5;1;11;6
"55";823;1100;40;660;24;9;6;11;90;20;22;5;1;11;6
"56";823;1100;40;660;24;9;3;11;90;20;22;5;1;11;6
"57";823;1100;40;660;24;9;3;8;90;20;22;5;1;11;6
"58";823;1100;40;660;24;9;3;8;51;20;22;5;1;11;6
"59";823;1100;40;660;24;9;3;8;51;56;22;5;1;11;6
"60";823;1100;40;660;24;9;3;8;51;56;40;5;1;11;6
"61";823;1100;40;660;24;9;3;8;51;56;40;14;1;11;6
"62";823;1100;40;660;24;9;3;8;51;56;40;14;7;11;6
"63";823;1100;40;660;24;9;3;8;51;56;40;14;7;29;6
"64";823;1100;40;660;24;9;3;8;51;56;40;14;7;29;3
"65";1495;1700;55;480;24;1;2;10;90;80;28;20;9;23;1
"66";823;1700;55;480;24;1;2;10;90;80;28;20;9;23;1
"67";823;800;55;480;24;1;2;10;90;80;28;20;9;23;1
"68";823;800;100;480;24;1;2;10;90;80;28;20;9;23;1
"69";823;800;100;1020;24;1;2;10;90;80;28;20;9;23;1
"70";823;800;100;1020;51;1;2;10;90;80;28;20;9;23;1
"71";823;800;100;1020;51;13;2;10;90;80;28;20;9;23;1
"72";823;800;100;1020;51;13;5;10;90;80;28;20;9;23;1
"73";823;800;100;1020;51;13;5;7;90;80;28;20;9;23;1
"74";823;800;100;1020;51;13;5;7;51;80;28;20;9;23;1
"75";823;800;100;1020;51;13;5;7;51;44;28;20;9;23;1
"76";823;800;100;1020;51;13;5;7;51;44;10;20;9;23;1
"77";823;800;100;1020;51;13;5;7;51;44;10;11;9;23;1
"78";823;800;100;1020;51;13;5;7;51;44;10;11;3;23;1
"79";823;800;100;1020;51;13;5;7;51;44;10;11;3;5;1
"80";823;800;100;1020;51;13;5;7;51;44;10;11;3;5;4
"81";1495;500;40;480;24;17;2;6;25;80;28;14;3;11;1
"82";823;500;40;480;24;17;2;6;25;80;28;14;3;11;1
"83";823;1400;40;480;24;17;2;6;25;80;28;14;3;11;1
"84";823;1400;85;480;24;17;2;6;25;80;28;14;3;11;1
"85";823;1400;85;1020;24;17;2;6;25;80;28;14;3;11;1
"86";823;1400;85;1020;51;17;2;6;25;80;28;14;3;11;1
"87";823;1400;85;1020;51;5;2;6;25;80;28;14;3;11;1
"88";823;1400;85;1020;51;5;5;6;25;80;28;14;3;11;1
"89";823;1400;85;1020;51;5;5;9;25;80;28;14;3;11;1
"90";823;1400;85;1020;51;5;5;9;64;80;28;14;3;11;1
"91";823;1400;85;1020;51;5;5;9;64;44;28;14;3;11;1
"92";823;1400;85;1020;51;5;5;9;64;44;10;14;3;11;1
"93";823;1400;85;1020;51;5;5;9;64;44;10;5;3;11;1
"94";823;1400;85;1020;51;5;5;9;64;44;10;5;9;11;1
"95";823;1400;85;1020;51;5;5;9;64;44;10;5;9;29;1
"96";823;1400;85;1020;51;5;5;9;64;44;10;5;9;29;4
"97";375;1400;25;300;15;9;2;6;90;32;28;11;9;29;3
"98";1047;1400;25;300;15;9;2;6;90;32;28;11;9;29;3
"99";1047;500;25;300;15;9;2;6;90;32;28;11;9;29;3
"100";1047;500;70;300;15;9;2;6;90;32;28;11;9;29;3
"101";1047;500;70;840;15;9;2;6;90;32;28;11;9;29;3
"102";1047;500;70;840;42;9;2;6;90;32;28;11;9;29;3
"103";1047;500;70;840;42;21;2;6;90;32;28;11;9;29;3
"104";1047;500;70;840;42;21;5;6;90;32;28;11;9;29;3
"105";1047;500;70;840;42;21;5;9;90;32;28;11;9;29;3
"106";1047;500;70;840;42;21;5;9;51;32;28;11;9;29;3
"107";1047;500;70;840;42;21;5;9;51;68;28;11;9;29;3
"108";1047;500;70;840;42;21;5;9;51;68;10;11;9;29;3
"109";1047;500;70;840;42;21;5;9;51;68;10;20;9;29;3
"110";1047;500;70;840;42;21;5;9;51;68;10;20;3;29;3
"111";1047;500;70;840;42;21;5;9;51;68;10;20;3;11;3
"112";1047;500;70;840;42;21;5;9;51;68;10;20;3;11;6
"113";823;500;70;1020;42;9;2;6;51;20;16;11;9;17;4
"114";1495;500;70;1020;42;9;2;6;51;20;16;11;9;17;4
"115";1495;1400;70;1020;42;9;2;6;51;20;16;11;9;17;4
"116";1495;1400;25;1020;42;9;2;6;51;20;16;11;9;17;4
"117";1495;1400;25;480;42;9;2;6;51;20;16;11;9;17;4
"118";1495;1400;25;480;15;9;2;6;51;20;16;11;9;17;4
"119";1495;1400;25;480;15;21;2;6;51;20;16;11;9;17;4
"120";1495;1400;25;480;15;21;5;6;51;20;16;11;9;17;4
"121";1495;1400;25;480;15;21;5;9;51;20;16;11;9;17;4
"122";1495;1400;25;480;15;21;5;9;90;20;16;11;9;17;4
"123";1495;1400;25;480;15;21;5;9;90;56;16;11;9;17;4
"124";1495;1400;25;480;15;21;5;9;90;56;34;11;9;17;4
"125";1495;1400;25;480;15;21;5;9;90;56;34;20;9;17;4
"126";1495;1400;25;480;15;21;5;9;90;56;34;20;3;17;4
"127";1495;1400;25;480;15;21;5;9;90;56;34;20;3;35;4
"128";1495;1400;25;480;15;21;5;9;90;56;34;20;3;35;1
"129";599;1700;70;840;60;17;4;11;90;44;28;5;1;23;3
"130";1271;1700;70;840;60;17;4;11;90;44;28;5;1;23;3
"131";1271;800;70;840;60;17;4;11;90;44;28;5;1;23;3
"132";1271;800;25;840;60;17;4;11;90;44;28;5;1;23;3
"133";1271;800;25;300;60;17;4;11;90;44;28;5;1;23;3
"134";1271;800;25;300;33;17;4;11;90;44;28;5;1;23;3
"135";1271;800;25;300;33;5;4;11;90;44;28;5;1;23;3
"136";1271;800;25;300;33;5;1;11;90;44;28;5;1;23;3
"137";1271;800;25;300;33;5;1;8;90;44;28;5;1;23;3
"138";1271;800;25;300;33;5;1;8;51;44;28;5;1;23;3
"139";1271;800;25;300;33;5;1;8;51;80;28;5;1;23;3
"140";1271;800;25;300;33;5;1;8;51;80;10;5;1;23;3
"141";1271;800;25;300;33;5;1;8;51;80;10;14;1;23;3
"142";1271;800;25;300;33;5;1;8;51;80;10;14;7;23;3
"143";1271;800;25;300;33;5;1;8;51;80;10;14;7;5;3
"144";1271;800;25;300;33;5;1;8;51;80;10;14;7;5;6
"145";1271;1700;25;1020;42;13;2;6;77;32;10;8;11;23;3
"146";599;1700;25;1020;42;13;2;6;77;32;10;8;11;23;3
"147";599;800;25;1020;42;13;2;6;77;32;10;8;11;23;3
"148";599;800;70;1020;42;13;2;6;77;32;10;8;11;23;3
"149";599;800;70;480;42;13;2;6;77;32;10;8;11;23;3
"150";599;800;70;480;15;13;2;6;77;32;10;8;11;23;3
"151";599;800;70;480;15;1;2;6;77;32;10;8;11;23;3
"152";599;800;70;480;15;1;5;6;77;32;10;8;11;23;3
"153";599;800;70;480;15;1;5;9;77;32;10;8;11;23;3
"154";599;800;70;480;15;1;5;9;38;32;10;8;11;23;3
"155";599;800;70;480;15;1;5;9;38;68;10;8;11;23;3
"156";599;800;70;480;15;1;5;9;38;68;28;8;11;23;3
"157";599;800;70;480;15;1;5;9;38;68;28;17;11;23;3
"158";599;800;70;480;15;1;5;9;38;68;28;17;5;23;3
"159";599;800;70;480;15;1;5;9;38;68;28;17;5;5;3
"160";599;800;70;480;15;1;5;9;38;68;28;17;5;5;6
"161";823;1400;40;480;15;9;5;6;38;44;40;17;1;29;6
"162";1495;1400;40;480;15;9;5;6;38;44;40;17;1;29;6
"163";1495;500;40;480;15;9;5;6;38;44;40;17;1;29;6
"164";1495;500;85;480;15;9;5;6;38;44;40;17;1;29;6
"165";1495;500;85;1020;15;9;5;6;38;44;40;17;1;29;6
"166";1495;500;85;1020;42;9;5;6;38;44;40;17;1;29;6
"167";1495;500;85;1020;42;21;5;6;38;44;40;17;1;29;6
"168";1495;500;85;1020;42;21;2;6;38;44;40;17;1;29;6
"169";1495;500;85;1020;42;21;2;9;38;44;40;17;1;29;6
"170";1495;500;85;1020;42;21;2;9;77;44;40;17;1;29;6
"171";1495;500;85;1020;42;21;2;9;77;80;40;17;1;29;6
"172";1495;500;85;1020;42;21;2;9;77;80;22;17;1;29;6
"173";1495;500;85;1020;42;21;2;9;77;80;22;8;1;29;6
"174";1495;500;85;1020;42;21;2;9;77;80;22;8;7;29;6
"175";1495;500;85;1020;42;21;2;9;77;80;22;8;7;11;6
"176";1495;500;85;1020;42;21;2;9;77;80;22;8;7;11;3
"177";1047;2000;40;1020;15;9;3;7;25;68;22;5;11;5;5
"178";375;2000;40;1020;15;9;3;7;25;68;22;5;11;5;5
"179";375;1100;40;1020;15;9;3;7;25;68;22;5;11;5;5
"180";375;1100;85;1020;15;9;3;7;25;68;22;5;11;5;5
"181";375;1100;85;480;15;9;3;7;25;68;22;5;11;5;5
"182";375;1100;85;480;42;9;3;7;25;68;22;5;11;5;5
"183";375;1100;85;480;42;21;3;7;25;68;22;5;11;5;5
"184";375;1100;85;480;42;21;6;7;25;68;22;5;11;5;5
"185";375;1100;85;480;42;21;6;10;25;68;22;5;11;5;5
"186";375;1100;85;480;42;21;6;10;64;68;22;5;11;5;5
"187";375;1100;85;480;42;21;6;10;64;32;22;5;11;5;5
"188";375;1100;85;480;42;21;6;10;64;32;40;5;11;5;5
"189";375;1100;85;480;42;21;6;10;64;32;40;14;11;5;5
"190";375;1100;85;480;42;21;6;10;64;32;40;14;5;5;5
"191";375;1100;85;480;42;21;6;10;64;32;40;14;5;23;5
"192";375;1100;85;480;42;21;6;10;64;32;40;14;5;23;2
"193";1047;1400;55;840;33;9;3;10;77;56;16;17;5;17;1
"194";375;1400;55;840;33;9;3;10;77;56;16;17;5;17;1
"195";375;500;55;840;33;9;3;10;77;56;16;17;5;17;1
"196";375;500;100;840;33;9;3;10;77;56;16;17;5;17;1
"197";375;500;100;300;33;9;3;10;77;56;16;17;5;17;1
"198";375;500;100;300;60;9;3;10;77;56;16;17;5;17;1
"199";375;500;100;300;60;21;3;10;77;56;16;17;5;17;1
"200";375;500;100;300;60;21;6;10;77;56;16;17;5;17;1
"201";375;500;100;300;60;21;6;7;77;56;16;17;5;17;1
"202";375;500;100;300;60;21;6;7;38;56;16;17;5;17;1
"203";375;500;100;300;60;21;6;7;38;20;16;17;5;17;1
"204";375;500;100;300;60;21;6;7;38;20;34;17;5;17;1
"205";375;500;100;300;60;21;6;7;38;20;34;8;5;17;1
"206";375;500;100;300;60;21;6;7;38;20;34;8;11;17;1
"207";375;500;100;300;60;21;6;7;38;20;34;8;11;35;1
"208";375;500;100;300;60;21;6;7;38;20;34;8;11;35;4
"209";1047;1400;40;480;33;1;4;10;64;44;10;17;1;35;5
"210";375;1400;40;480;33;1;4;10;64;44;10;17;1;35;5
"211";375;500;40;480;33;1;4;10;64;44;10;17;1;35;5
"212";375;500;85;480;33;1;4;10;64;44;10;17;1;35;5
"213";375;500;85;1020;33;1;4;10;64;44;10;17;1;35;5
"214";375;500;85;1020;60;1;4;10;64;44;10;17;1;35;5
"215";375;500;85;1020;60;13;4;10;64;44;10;17;1;35;5
"216";375;500;85;1020;60;13;1;10;64;44;10;17;1;35;5
"217";375;500;85;1020;60;13;1;7;64;44;10;17;1;35;5
"218";375;500;85;1020;60;13;1;7;25;44;10;17;1;35;5
"219";375;500;85;1020;60;13;1;7;25;80;10;17;1;35;5
"220";375;500;85;1020;60;13;1;7;25;80;28;17;1;35;5
"221";375;500;85;1020;60;13;1;7;25;80;28;8;1;35;5
"222";375;500;85;1020;60;13;1;7;25;80;28;8;7;35;5
"223";375;500;85;1020;60;13;1;7;25;80;28;8;7;17;5
"224";375;500;85;1020;60;13;1;7;25;80;28;8;7;17;2
"225";599;1700;40;840;33;17;4;11;64;32;22;14;3;17;3
"226";1271;1700;40;840;33;17;4;11;64;32;22;14;3;17;3
"227";1271;800;40;840;33;17;4;11;64;32;22;14;3;17;3
"228";1271;800;85;840;33;17;4;11;64;32;22;14;3;17;3
"229";1271;800;85;300;33;17;4;11;64;32;22;14;3;17;3
"230";1271;800;85;300;60;17;4;11;64;32;22;14;3;17;3
"231";1271;800;85;300;60;5;4;11;64;32;22;14;3;17;3
"232";1271;800;85;300;60;5;1;11;64;32;22;14;3;17;3
"233";1271;800;85;300;60;5;1;8;64;32;22;14;3;17;3
"234";1271;800;85;300;60;5;1;8;25;32;22;14;3;17;3
"235";1271;800;85;300;60;5;1;8;25;68;22;14;3;17;3
"236";1271;800;85;300;60;5;1;8;25;68;40;14;3;17;3
"237";1271;800;85;300;60;5;1;8;25;68;40;5;3;17;3
"238";1271;800;85;300;60;5;1;8;25;68;40;5;9;17;3
"239";1271;800;85;300;60;5;1;8;25;68;40;5;9;35;3
"240";1271;800;85;300;60;5;1;8;25;68;40;5;9;35;6
"241";1495;1400;85;1200;24;21;2;11;64;32;22;17;1;23;2
"242";823;1400;85;1200;24;21;2;11;64;32;22;17;1;23;2
"243";823;500;85;1200;24;21;2;11;64;32;22;17;1;23;2
"244";823;500;40;1200;24;21;2;11;64;32;22;17;1;23;2
"245";823;500;40;660;24;21;2;11;64;32;22;17;1;23;2
"246";823;500;40;660;51;21;2;11;64;32;22;17;1;23;2
"247";823;500;40;660;51;9;2;11;64;32;22;17;1;23;2
"248";823;500;40;660;51;9;5;11;64;32;22;17;1;23;2
"249";823;500;40;660;51;9;5;8;64;32;22;17;1;23;2
"250";823;500;40;660;51;9;5;8;25;32;22;17;1;23;2
"251";823;500;40;660;51;9;5;8;25;68;22;17;1;23;2
"252";823;500;40;660;51;9;5;8;25;68;40;17;1;23;2
"253";823;500;40;660;51;9;5;8;25;68;40;8;1;23;2
"254";823;500;40;660;51;9;5;8;25;68;40;8;7;23;2
"255";823;500;40;660;51;9;5;8;25;68;40;8;7;5;2
"256";823;500;40;660;51;9;5;8;25;68;40;8;7;5;5
"257";823;1700;40;1020;60;5;2;7;25;68;22;14;1;23;1
"258";1495;1700;40;1020;60;5;2;7;25;68;22;14;1;23;1
"259";1495;800;40;1020;60;5;2;7;25;68;22;14;1;23;1
"260";1495;800;85;1020;60;5;2;7;25;68;22;14;1;23;1
"261";1495;800;85;480;60;5;2;7;25;68;22;14;1;23;1
"262";1495;800;85;480;33;5;2;7;25;68;22;14;1;23;1
"263";1495;800;85;480;33;17;2;7;25;68;22;14;1;23;1
"264";1495;800;85;480;33;17;5;7;25;68;22;14;1;23;1
"265";1495;800;85;480;33;17;5;10;25;68;22;14;1;23;1
"266";1495;800;85;480;33;17;5;10;64;68;22;14;1;23;1
"267";1495;800;85;480;33;17;5;10;64;32;22;14;1;23;1
"268";1495;800;85;480;33;17;5;10;64;32;40;14;1;23;1
"269";1495;800;85;480;33;17;5;10;64;32;40;5;1;23;1
"270";1495;800;85;480;33;17;5;10;64;32;40;5;7;23;1
"271";1495;800;85;480;33;17;5;10;64;32;40;5;7;5;1
"272";1495;800;85;480;33;17;5;10;64;32;40;5;7;5;4
"273";599;1400;25;840;60;17;5;9;64;68;34;5;3;11;3
"274";1271;1400;25;840;60;17;5;9;64;68;34;5;3;11;3
"275";1271;500;25;840;60;17;5;9;64;68;34;5;3;11;3
"276";1271;500;70;840;60;17;5;9;64;68;34;5;3;11;3
"277";1271;500;70;300;60;17;5;9;64;68;34;5;3;11;3
"278";1271;500;70;300;33;17;5;9;64;68;34;5;3;11;3
"279";1271;500;70;300;33;5;5;9;64;68;34;5;3;11;3
"280";1271;500;70;300;33;5;2;9;64;68;34;5;3;11;3
"281";1271;500;70;300;33;5;2;6;64;68;34;5;3;11;3
"282";1271;500;70;300;33;5;2;6;25;68;34;5;3;11;3
"283";1271;500;70;300;33;5;2;6;25;32;34;5;3;11;3
"284";1271;500;70;300;33;5;2;6;25;32;16;5;3;11;3
"285";1271;500;70;300;33;5;2;6;25;32;16;14;3;11;3
"286";1271;500;70;300;33;5;2;6;25;32;16;14;9;11;3
"287";1271;500;70;300;33;5;2;6;25;32;16;14;9;29;3
"288";1271;500;70;300;33;5;2;6;25;32;16;14;9;29;6
"289";1047;500;100;300;51;9;3;6;64;80;22;11;7;35;1
"290";375;500;100;300;51;9;3;6;64;80;22;11;7;35;1
"291";375;1400;100;300;51;9;3;6;64;80;22;11;7;35;1
"292";375;1400;55;300;51;9;3;6;64;80;22;11;7;35;1
"293";375;1400;55;840;51;9;3;6;64;80;22;11;7;35;1
"294";375;1400;55;840;24;9;3;6;64;80;22;11;7;35;1
"295";375;1400;55;840;24;21;3;6;64;80;22;11;7;35;1
"296";375;1400;55;840;24;21;6;6;64;80;22;11;7;35;1
"297";375;1400;55;840;24;21;6;9;64;80;22;11;7;35;1
"298";375;1400;55;840;24;21;6;9;25;80;22;11;7;35;1
"299";375;1400;55;840;24;21;6;9;25;44;22;11;7;35;1
"300";375;1400;55;840;24;21;6;9;25;44;40;11;7;35;1
"301";375;1400;55;840;24;21;6;9;25;44;40;20;7;35;1
"302";375;1400;55;840;24;21;6;9;25;44;40;20;1;35;1
"303";375;1400;55;840;24;21;6;9;25;44;40;20;1;17;1
"304";375;1400;55;840;24;21;6;9;25;44;40;20;1;17;4
"305";1271;1700;100;1020;60;1;2;8;64;68;16;11;1;23;2
"306";599;1700;100;1020;60;1;2;8;64;68;16;11;1;23;2
"307";599;800;100;1020;60;1;2;8;64;68;16;11;1;23;2
"308";599;800;55;1020;60;1;2;8;64;68;16;11;1;23;2
"309";599;800;55;480;60;1;2;8;64;68;16;11;1;23;2
"310";599;800;55;480;33;1;2;8;64;68;16;11;1;23;2
"311";599;800;55;480;33;13;2;8;64;68;16;11;1;23;2
"312";599;800;55;480;33;13;5;8;64;68;16;11;1;23;2
"313";599;800;55;480;33;13;5;11;64;68;16;11;1;23;2
"314";599;800;55;480;33;13;5;11;25;68;16;11;1;23;2
"315";599;800;55;480;33;13;5;11;25;32;16;11;1;23;2
"316";599;800;55;480;33;13;5;11;25;32;34;11;1;23;2
"317";599;800;55;480;33;13;5;11;25;32;34;20;1;23;2
"318";599;800;55;480;33;13;5;11;25;32;34;20;7;23;2
"319";599;800;55;480;33;13;5;11;25;32;34;20;7;5;2
"320";599;800;55;480;33;13;5;11;25;32;34;20;7;5;5
"321";823;500;70;1020;42;13;2;7;77;68;40;17;7;11;6
"322";1495;500;70;1020;42;13;2;7;77;68;40;17;7;11;6
"323";1495;1400;70;1020;42;13;2;7;77;68;40;17;7;11;6
"324";1495;1400;25;1020;42;13;2;7;77;68;40;17;7;11;6
"325";1495;1400;25;480;42;13;2;7;77;68;40;17;7;11;6
"326";1495;1400;25;480;15;13;2;7;77;68;40;17;7;11;6
"327";1495;1400;25;480;15;1;2;7;77;68;40;17;7;11;6
"328";1495;1400;25;480;15;1;5;7;77;68;40;17;7;11;6
"329";1495;1400;25;480;15;1;5;10;77;68;40;17;7;11;6
"330";1495;1400;25;480;15;1;5;10;38;68;40;17;7;11;6
"331";1495;1400;25;480;15;1;5;10;38;32;40;17;7;11;6
"332";1495;1400;25;480;15;1;5;10;38;32;22;17;7;11;6
"333";1495;1400;25;480;15;1;5;10;38;32;22;8;7;11;6
"334";1495;1400;25;480;15;1;5;10;38;32;22;8;1;11;6
"335";1495;1400;25;480;15;1;5;10;38;32;22;8;1;29;6
"336";1495;1400;25;480;15;1;5;10;38;32;22;8;1;29;3
"337";375;1400;55;480;51;21;6;8;38;44;34;8;3;29;3
"338";1047;1400;55;480;51;21;6;8;38;44;34;8;3;29;3
"339";1047;500;55;480;51;21;6;8;38;44;34;8;3;29;3
"340";1047;500;100;480;51;21;6;8;38;44;34;8;3;29;3
"341";1047;500;100;1020;51;21;6;8;38;44;34;8;3;29;3
"342";1047;500;100;1020;24;21;6;8;38;44;34;8;3;29;3
"343";1047;500;100;1020;24;9;6;8;38;44;34;8;3;29;3
"344";1047;500;100;1020;24;9;3;8;38;44;34;8;3;29;3
"345";1047;500;100;1020;24;9;3;11;38;44;34;8;3;29;3
"346";1047;500;100;1020;24;9;3;11;77;44;34;8;3;29;3
"347";1047;500;100;1020;24;9;3;11;77;80;34;8;3;29;3
"348";1047;500;100;1020;24;9;3;11;77;80;16;8;3;29;3
"349";1047;500;100;1020;24;9;3;11;77;80;16;17;3;29;3
"350";1047;500;100;1020;24;9;3;11;77;80;16;17;9;29;3
"351";1047;500;100;1020;24;9;3;11;77;80;16;17;9;11;3
"352";1047;500;100;1020;24;9;3;11;77;80;16;17;9;11;6
"353";823;1400;70;840;24;21;2;11;64;68;34;17;7;29;6
"354";1495;1400;70;840;24;21;2;11;64;68;34;17;7;29;6
"355";1495;500;70;840;24;21;2;11;64;68;34;17;7;29;6
"356";1495;500;25;840;24;21;2;11;64;68;34;17;7;29;6
"357";1495;500;25;300;24;21;2;11;64;68;34;17;7;29;6
"358";1495;500;25;300;51;21;2;11;64;68;34;17;7;29;6
"359";1495;500;25;300;51;9;2;11;64;68;34;17;7;29;6
"360";1495;500;25;300;51;9;5;11;64;68;34;17;7;29;6
"361";1495;500;25;300;51;9;5;8;64;68;34;17;7;29;6
"362";1495;500;25;300;51;9;5;8;25;68;34;17;7;29;6
"363";1495;500;25;300;51;9;5;8;25;32;34;17;7;29;6
"364";1495;500;25;300;51;9;5;8;25;32;16;17;7;29;6
"365";1495;500;25;300;51;9;5;8;25;32;16;8;7;29;6
"366";1495;500;25;300;51;9;5;8;25;32;16;8;1;29;6
"367";1495;500;25;300;51;9;5;8;25;32;16;8;1;11;6
"368";1495;500;25;300;51;9;5;8;25;32;16;8;1;11;3
"369";1495;2000;70;1200;15;21;1;10;90;44;28;14;9;35;2
"370";823;2000;70;1200;15;21;1;10;90;44;28;14;9;35;2
"371";823;1100;70;1200;15;21;1;10;90;44;28;14;9;35;2
"372";823;1100;25;1200;15;21;1;10;90;44;28;14;9;35;2
"373";823;1100;25;660;15;21;1;10;90;44;28;14;9;35;2
"374";823;1100;25;660;42;21;1;10;90;44;28;14;9;35;2
"375";823;1100;25;660;42;9;1;10;90;44;28;14;9;35;2
"376";823;1100;25;660;42;9;4;10;90;44;28;14;9;35;2
"377";823;1100;25;660;42;9;4;7;90;44;28;14;9;35;2
"378";823;1100;25;660;42;9;4;7;51;44;28;14;9;35;2
"379";823;1100;25;660;42;9;4;7;51;80;28;14;9;35;2
"380";823;1100;25;660;42;9;4;7;51;80;10;14;9;35;2
"381";823;1100;25;660;42;9;4;7;51;80;10;5;9;35;2
"382";823;1100;25;660;42;9;4;7;51;80;10;5;3;35;2
"383";823;1100;25;660;42;9;4;7;51;80;10;5;3;17;2
"384";823;1100;25;660;42;9;4;7;51;80;10;5;3;17;5
"385";1047;1400;55;480;60;17;3;10;64;44;28;14;9;5;5
"386";375;1400;55;480;60;17;3;10;64;44;28;14;9;5;5
"387";375;500;55;480;60;17;3;10;64;44;28;14;9;5;5
"388";375;500;100;480;60;17;3;10;64;44;28;14;9;5;5
"389";375;500;100;1020;60;17;3;10;64;44;28;14;9;5;5
"390";375;500;100;1020;33;17;3;10;64;44;28;14;9;5;5
"391";375;500;100;1020;33;5;3;10;64;44;28;14;9;5;5
"392";375;500;100;1020;33;5;6;10;64;44;28;14;9;5;5
"393";375;500;100;1020;33;5;6;7;64;44;28;14;9;5;5
"394";375;500;100;1020;33;5;6;7;25;44;28;14;9;5;5
"395";375;500;100;1020;33;5;6;7;25;80;28;14;9;5;5
"396";375;500;100;1020;33;5;6;7;25;80;10;14;9;5;5
"397";375;500;100;1020;33;5;6;7;25;80;10;5;9;5;5
"398";375;500;100;1020;33;5;6;7;25;80;10;5;3;5;5
"399";375;500;100;1020;33;5;6;7;25;80;10;5;3;23;5
"400";375;500;100;1020;33;5;6;7;25;80;10;5;3;23;2
"401";1495;500;85;660;60;21;2;8;38;80;22;14;1;11;4
"402";823;500;85;660;60;21;2;8;38;80;22;14;1;11;4
"403";823;1400;85;660;60;21;2;8;38;80;22;14;1;11;4
"404";823;1400;40;660;60;21;2;8;38;80;22;14;1;11;4
"405";823;1400;40;1200;60;21;2;8;38;80;22;14;1;11;4
"406";823;1400;40;1200;33;21;2;8;38;80;22;14;1;11;4
"407";823;1400;40;1200;33;9;2;8;38;80;22;14;1;11;4
"408";823;1400;40;1200;33;9;5;8;38;80;22;14;1;11;4
"409";823;1400;40;1200;33;9;5;11;38;80;22;14;1;11;4
"410";823;1400;40;1200;33;9;5;11;77;80;22;14;1;11;4
"411";823;1400;40;1200;33;9;5;11;77;44;22;14;1;11;4
"412";823;1400;40;1200;33;9;5;11;77;44;40;14;1;11;4
"413";823;1400;40;1200;33;9;5;11;77;44;40;5;1;11;4
"414";823;1400;40;1200;33;9;5;11;77;44;40;5;7;11;4
"415";823;1400;40;1200;33;9;5;11;77;44;40;5;7;29;4
"416";823;1400;40;1200;33;9;5;11;77;44;40;5;7;29;1
"417";823;2000;70;840;33;9;3;11;77;56;40;17;7;11;2
"418";1495;2000;70;840;33;9;3;11;77;56;40;17;7;11;2
"419";1495;1100;70;840;33;9;3;11;77;56;40;17;7;11;2
"420";1495;1100;25;840;33;9;3;11;77;56;40;17;7;11;2
"421";1495;1100;25;300;33;9;3;11;77;56;40;17;7;11;2
"422";1495;1100;25;300;60;9;3;11;77;56;40;17;7;11;2
"423";1495;1100;25;300;60;21;3;11;77;56;40;17;7;11;2
"424";1495;1100;25;300;60;21;6;11;77;56;40;17;7;11;2
"425";1495;1100;25;300;60;21;6;8;77;56;40;17;7;11;2
"426";1495;1100;25;300;60;21;6;8;38;56;40;17;7;11;2
"427";1495;1100;25;300;60;21;6;8;38;20;40;17;7;11;2
"428";1495;1100;25;300;60;21;6;8;38;20;22;17;7;11;2
"429";1495;1100;25;300;60;21;6;8;38;20;22;8;7;11;2
"430";1495;1100;25;300;60;21;6;8;38;20;22;8;1;11;2
"431";1495;1100;25;300;60;21;6;8;38;20;22;8;1;29;2
"432";1495;1100;25;300;60;21;6;8;38;20;22;8;1;29;5
"433";1495;1100;55;300;42;1;6;9;25;56;28;14;9;11;3
"434";823;1100;55;300;42;1;6;9;25;56;28;14;9;11;3
"435";823;2000;55;300;42;1;6;9;25;56;28;14;9;11;3
"436";823;2000;100;300;42;1;6;9;25;56;28;14;9;11;3
"437";823;2000;100;840;42;1;6;9;25;56;28;14;9;11;3
"438";823;2000;100;840;15;1;6;9;25;56;28;14;9;11;3
"439";823;2000;100;840;15;13;6;9;25;56;28;14;9;11;3
"440";823;2000;100;840;15;13;3;9;25;56;28;14;9;11;3
"441";823;2000;100;840;15;13;3;6;25;56;28;14;9;11;3
"442";823;2000;100;840;15;13;3;6;64;56;28;14;9;11;3
"443";823;2000;100;840;15;13;3;6;64;20;28;14;9;11;3
"444";823;2000;100;840;15;13;3;6;64;20;10;14;9;11;3
"445";823;2000;100;840;15;13;3;6;64;20;10;5;9;11;3
"446";823;2000;100;840;15;13;3;6;64;20;10;5;3;11;3
"447";823;2000;100;840;15;13;3;6;64;20;10;5;3;29;3
"448";823;2000;100;840;15;13;3;6;64;20;10;5;3;29;6
"449";375;1100;25;1200;51;21;6;7;51;44;40;20;9;29;2
"450";1047;1100;25;1200;51;21;6;7;51;44;40;20;9;29;2
"451";1047;2000;25;1200;51;21;6;7;51;44;40;20;9;29;2
"452";1047;2000;70;1200;51;21;6;7;51;44;40;20;9;29;2
"453";1047;2000;70;660;51;21;6;7;51;44;40;20;9;29;2
"454";1047;2000;70;660;24;21;6;7;51;44;40;20;9;29;2
"455";1047;2000;70;660;24;9;6;7;51;44;40;20;9;29;2
"456";1047;2000;70;660;24;9;3;7;51;44;40;20;9;29;2
"457";1047;2000;70;660;24;9;3;10;51;44;40;20;9;29;2
"458";1047;2000;70;660;24;9;3;10;90;44;40;20;9;29;2
"459";1047;2000;70;660;24;9;3;10;90;80;40;20;9;29;2
"460";1047;2000;70;660;24;9;3;10;90;80;22;20;9;29;2
"461";1047;2000;70;660;24;9;3;10;90;80;22;11;9;29;2
"462";1047;2000;70;660;24;9;3;10;90;80;22;11;3;29;2
"463";1047;2000;70;660;24;9;3;10;90;80;22;11;3;11;2
"464";1047;2000;70;660;24;9;3;10;90;80;22;11;3;11;5
"465";1047;800;25;1020;24;13;3;6;64;80;40;20;5;11;3
"466";375;800;25;1020;24;13;3;6;64;80;40;20;5;11;3
"467";375;1700;25;1020;24;13;3;6;64;80;40;20;5;11;3
"468";375;1700;70;1020;24;13;3;6;64;80;40;20;5;11;3
"469";375;1700;70;480;24;13;3;6;64;80;40;20;5;11;3
"470";375;1700;70;480;51;13;3;6;64;80;40;20;5;11;3
"471";375;1700;70;480;51;1;3;6;64;80;40;20;5;11;3
"472";375;1700;70;480;51;1;6;6;64;80;40;20;5;11;3
"473";375;1700;70;480;51;1;6;9;64;80;40;20;5;11;3
"474";375;1700;70;480;51;1;6;9;25;80;40;20;5;11;3
"475";375;1700;70;480;51;1;6;9;25;44;40;20;5;11;3
"476";375;1700;70;480;51;1;6;9;25;44;22;20;5;11;3
"477";375;1700;70;480;51;1;6;9;25;44;22;11;5;11;3
"478";375;1700;70;480;51;1;6;9;25;44;22;11;11;11;3
"479";375;1700;70;480;51;1;6;9;25;44;22;11;11;29;3
"480";375;1700;70;480;51;1;6;9;25;44;22;11;11;29;6
"481";1047;1700;40;840;42;5;3;9;25;20;28;8;11;17;2
"482";375;1700;40;840;42;5;3;9;25;20;28;8;11;17;2
"483";375;800;40;840;42;5;3;9;25;20;28;8;11;17;2
"484";375;800;85;840;42;5;3;9;25;20;28;8;11;17;2
"485";375;800;85;300;42;5;3;9;25;20;28;8;11;17;2
"486";375;800;85;300;15;5;3;9;25;20;28;8;11;17;2
"487";375;800;85;300;15;17;3;9;25;20;28;8;11;17;2
"488";375;800;85;300;15;17;6;9;25;20;28;8;11;17;2
"489";375;800;85;300;15;17;6;6;25;20;28;8;11;17;2
"490";375;800;85;300;15;17;6;6;64;20;28;8;11;17;2
"491";375;800;85;300;15;17;6;6;64;56;28;8;11;17;2
"492";375;800;85;300;15;17;6;6;64;56;10;8;11;17;2
"493";375;800;85;300;15;17;6;6;64;56;10;17;11;17;2
"494";375;800;85;300;15;17;6;6;64;56;10;17;5;17;2
"495";375;800;85;300;15;17;6;6;64;56;10;17;5;35;2
"496";375;800;85;300;15;17;6;6;64;56;10;17;5;35;5
"497";1495;2000;100;480;51;1;2;7;77;56;34;17;1;11;3
"498";823;2000;100;480;51;1;2;7;77;56;34;17;1;11;3
"499";823;1100;100;480;51;1;2;7;77;56;34;17;1;11;3
"500";823;1100;55;480;51;1;2;7;77;56;34;17;1;11;3
"501";823;1100;55;1020;51;1;2;7;77;56;34;17;1;11;3
"502";823;1100;55;1020;24;1;2;7;77;56;34;17;1;11;3
"503";823;1100;55;1020;24;13;2;7;77;56;34;17;1;11;3
"504";823;1100;55;1020;24;13;5;7;77;56;34;17;1;11;3
"505";823;1100;55;1020;24;13;5;10;77;56;34;17;1;11;3
"506";823;1100;55;1020;24;13;5;10;38;56;34;17;1;11;3
"507";823;1100;55;1020;24;13;5;10;38;20;34;17;1;11;3
"508";823;1100;55;1020;24;13;5;10;38;20;16;17;1;11;3
"509";823;1100;55;1020;24;13;5;10;38;20;16;8;1;11;3
"510";823;1100;55;1020;24;13;5;10;38;20;16;8;7;11;3
"511";823;1100;55;1020;24;13;5;10;38;20;16;8;7;29;3
"512";823;1100;55;1020;24;13;5;10;38;20;16;8;7;29;6
"513";1047;2000;70;300;15;1;6;7;90;68;28;14;7;35;5
"514";375;2000;70;300;15;1;6;7;90;68;28;14;7;35;5
"515";375;1100;70;300;15;1;6;7;90;68;28;14;7;35;5
"516";375;1100;25;300;15;1;6;7;90;68;28;14;7;35;5
"517";375;1100;25;840;15;1;6;7;90;68;28;14;7;35;5
"518";375;1100;25;840;42;1;6;7;90;68;28;14;7;35;5
"519";375;1100;25;840;42;13;6;7;90;68;28;14;7;35;5
"520";375;1100;25;840;42;13;3;7;90;68;28;14;7;35;5
"521";375;1100;25;840;42;13;3;10;90;68;28;14;7;35;5
"522";375;1100;25;840;42;13;3;10;51;68;28;14;7;35;5
"523";375;1100;25;840;42;13;3;10;51;32;28;14;7;35;5
"524";375;1100;25;840;42;13;3;10;51;32;10;14;7;35;5
"525";375;1100;25;840;42;13;3;10;51;32;10;5;7;35;5
"526";375;1100;25;840;42;13;3;10;51;32;10;5;1;35;5
"527";375;1100;25;840;42;13;3;10;51;32;10;5;1;17;5
"528";375;1100;25;840;42;13;3;10;51;32;10;5;1;17;2
"529";599;800;70;300;24;17;4;11;77;20;10;8;3;23;2
"530";1271;800;70;300;24;17;4;11;77;20;10;8;3;23;2
"531";1271;1700;70;300;24;17;4;11;77;20;10;8;3;23;2
"532";1271;1700;25;300;24;17;4;11;77;20;10;8;3;23;2
"533";1271;1700;25;840;24;17;4;11;77;20;10;8;3;23;2
"534";1271;1700;25;840;51;17;4;11;77;20;10;8;3;23;2
"535";1271;1700;25;840;51;5;4;11;77;20;10;8;3;23;2
"536";1271;1700;25;840;51;5;1;11;77;20;10;8;3;23;2
"537";1271;1700;25;840;51;5;1;8;77;20;10;8;3;23;2
"538";1271;1700;25;840;51;5;1;8;38;20;10;8;3;23;2
"539";1271;1700;25;840;51;5;1;8;38;56;10;8;3;23;2
"540";1271;1700;25;840;51;5;1;8;38;56;28;8;3;23;2
"541";1271;1700;25;840;51;5;1;8;38;56;28;17;3;23;2
"542";1271;1700;25;840;51;5;1;8;38;56;28;17;9;23;2
"543";1271;1700;25;840;51;5;1;8;38;56;28;17;9;5;2
"544";1271;1700;25;840;51;5;1;8;38;56;28;17;9;5;5
"545";599;1100;100;480;42;13;6;8;77;44;28;14;1;11;3
"546";1271;1100;100;480;42;13;6;8;77;44;28;14;1;11;3
"547";1271;2000;100;480;42;13;6;8;77;44;28;14;1;11;3
"548";1271;2000;55;480;42;13;6;8;77;44;28;14;1;11;3
"549";1271;2000;55;1020;42;13;6;8;77;44;28;14;1;11;3
"550";1271;2000;55;1020;15;13;6;8;77;44;28;14;1;11;3
"551";1271;2000;55;1020;15;1;6;8;77;44;28;14;1;11;3
"552";1271;2000;55;1020;15;1;3;8;77;44;28;14;1;11;3
"553";1271;2000;55;1020;15;1;3;11;77;44;28;14;1;11;3
"554";1271;2000;55;1020;15;1;3;11;38;44;28;14;1;11;3
"555";1271;2000;55;1020;15;1;3;11;38;80;28;14;1;11;3
"556";1271;2000;55;1020;15;1;3;11;38;80;10;14;1;11;3
"557";1271;2000;55;1020;15;1;3;11;38;80;10;5;1;11;3
"558";1271;2000;55;1020;15;1;3;11;38;80;10;5;7;11;3
"559";1271;2000;55;1020;15;1;3;11;38;80;10;5;7;29;3
"560";1271;2000;55;1020;15;1;3;11;38;80;10;5;7;29;6
"561";1271;2000;40;480;51;17;4;6;64;56;10;8;5;23;3
"562";599;2000;40;480;51;17;4;6;64;56;10;8;5;23;3
"563";599;1100;40;480;51;17;4;6;64;56;10;8;5;23;3
"564";599;1100;85;480;51;17;4;6;64;56;10;8;5;23;3
"565";599;1100;85;1020;51;17;4;6;64;56;10;8;5;23;3
"566";599;1100;85;1020;24;17;4;6;64;56;10;8;5;23;3
"567";599;1100;85;1020;24;5;4;6;64;56;10;8;5;23;3
"568";599;1100;85;1020;24;5;1;6;64;56;10;8;5;23;3
"569";599;1100;85;1020;24;5;1;9;64;56;10;8;5;23;3
"570";599;1100;85;1020;24;5;1;9;25;56;10;8;5;23;3
"571";599;1100;85;1020;24;5;1;9;25;20;10;8;5;23;3
"572";599;1100;85;1020;24;5;1;9;25;20;28;8;5;23;3
"573";599;1100;85;1020;24;5;1;9;25;20;28;17;5;23;3
"574";599;1100;85;1020;24;5;1;9;25;20;28;17;11;23;3
"575";599;1100;85;1020;24;5;1;9;25;20;28;17;11;5;3
"576";599;1100;85;1020;24;5;1;9;25;20;28;17;11;5;6
"577";1495;1700;55;300;33;9;2;11;51;44;28;8;11;17;1
"578";823;1700;55;300;33;9;2;11;51;44;28;8;11;17;1
"579";823;800;55;300;33;9;2;11;51;44;28;8;11;17;1
"580";823;800;100;300;33;9;2;11;51;44;28;8;11;17;1
"581";823;800;100;840;33;9;2;11;51;44;28;8;11;17;1
"582";823;800;100;840;60;9;2;11;51;44;28;8;11;17;1
"583";823;800;100;840;60;21;2;11;51;44;28;8;11;17;1
"584";823;800;100;840;60;21;5;11;51;44;28;8;11;17;1
"585";823;800;100;840;60;21;5;8;51;44;28;8;11;17;1
"586";823;800;100;840;60;21;5;8;90;44;28;8;11;17;1
"587";823;800;100;840;60;21;5;8;90;80;28;8;11;17;1
"588";823;800;100;840;60;21;5;8;90;80;10;8;11;17;1
"589";823;800;100;840;60;21;5;8;90;80;10;17;11;17;1
"590";823;800;100;840;60;21;5;8;90;80;10;17;5;17;1
"591";823;800;100;840;60;21;5;8;90;80;10;17;5;35;1
"592";823;800;100;840;60;21;5;8;90;80;10;17;5;35;4
"593";1047;500;55;480;60;5;5;8;25;20;22;14;5;17;4
"594";375;500;55;480;60;5;5;8;25;20;22;14;5;17;4
"595";375;1400;55;480;60;5;5;8;25;20;22;14;5;17;4
"596";375;1400;100;480;60;5;5;8;25;20;22;14;5;17;4
"597";375;1400;100;1020;60;5;5;8;25;20;22;14;5;17;4
"598";375;1400;100;1020;33;5;5;8;25;20;22;14;5;17;4
"599";375;1400;100;1020;33;17;5;8;25;20;22;14;5;17;4
"600";375;1400;100;1020;33;17;2;8;25;20;22;14;5;17;4
"601";375;1400;100;1020;33;17;2;11;25;20;22;14;5;17;4
"602";375;1400;100;1020;33;17;2;11;64;20;22;14;5;17;4
"603";375;1400;100;1020;33;17;2;11;64;56;22;14;5;17;4
"604";375;1400;100;1020;33;17;2;11;64;56;40;14;5;17;4
"605";375;1400;100;1020;33;17;2;11;64;56;40;5;5;17;4
"606";375;1400;100;1020;33;17;2;11;64;56;40;5;11;17;4
"607";375;1400;100;1020;33;17;2;11;64;56;40;5;11;35;4
"608";375;1400;100;1020;33;17;2;11;64;56;40;5;11;35;1
"609";1271;1400;100;480;60;9;5;8;51;20;34;11;9;5;2
"610";599;1400;100;480;60;9;5;8;51;20;34;11;9;5;2
"611";599;500;100;480;60;9;5;8;51;20;34;11;9;5;2
"612";599;500;55;480;60;9;5;8;51;20;34;11;9;5;2
"613";599;500;55;1020;60;9;5;8;51;20;34;11;9;5;2
"614";599;500;55;1020;33;9;5;8;51;20;34;11;9;5;2
"615";599;500;55;1020;33;21;5;8;51;20;34;11;9;5;2
"616";599;500;55;1020;33;21;2;8;51;20;34;11;9;5;2
"617";599;500;55;1020;33;21;2;11;51;20;34;11;9;5;2
"618";599;500;55;1020;33;21;2;11;90;20;34;11;9;5;2
"619";599;500;55;1020;33;21;2;11;90;56;34;11;9;5;2
"620";599;500;55;1020;33;21;2;11;90;56;16;11;9;5;2
"621";599;500;55;1020;33;21;2;11;90;56;16;20;9;5;2
"622";599;500;55;1020;33;21;2;11;90;56;16;20;3;5;2
"623";599;500;55;1020;33;21;2;11;90;56;16;20;3;23;2
"624";599;500;55;1020;33;21;2;11;90;56;16;20;3;23;5
"625";1271;500;25;1020;33;13;2;8;51;68;22;20;3;5;4
"626";599;500;25;1020;33;13;2;8;51;68;22;20;3;5;4
"627";599;1400;25;1020;33;13;2;8;51;68;22;20;3;5;4
"628";599;1400;70;1020;33;13;2;8;51;68;22;20;3;5;4
"629";599;1400;70;480;33;13;2;8;51;68;22;20;3;5;4
"630";599;1400;70;480;60;13;2;8;51;68;22;20;3;5;4
"631";599;1400;70;480;60;1;2;8;51;68;22;20;3;5;4
"632";599;1400;70;480;60;1;5;8;51;68;22;20;3;5;4
"633";599;1400;70;480;60;1;5;11;51;68;22;20;3;5;4
"634";599;1400;70;480;60;1;5;11;90;68;22;20;3;5;4
"635";599;1400;70;480;60;1;5;11;90;32;22;20;3;5;4
"636";599;1400;70;480;60;1;5;11;90;32;40;20;3;5;4
"637";599;1400;70;480;60;1;5;11;90;32;40;11;3;5;4
"638";599;1400;70;480;60;1;5;11;90;32;40;11;9;5;4
"639";599;1400;70;480;60;1;5;11;90;32;40;11;9;23;4
"640";599;1400;70;480;60;1;5;11;90;32;40;11;9;23;1
"641";375;1700;70;300;60;13;1;8;25;44;16;11;9;35;1
"642";1047;1700;70;300;60;13;1;8;25;44;16;11;9;35;1
"643";1047;800;70;300;60;13;1;8;25;44;16;11;9;35;1
"644";1047;800;25;300;60;13;1;8;25;44;16;11;9;35;1
"645";1047;800;25;840;60;13;1;8;25;44;16;11;9;35;1
"646";1047;800;25;840;33;13;1;8;25;44;16;11;9;35;1
"647";1047;800;25;840;33;1;1;8;25;44;16;11;9;35;1
"648";1047;800;25;840;33;1;4;8;25;44;16;11;9;35;1
"649";1047;800;25;840;33;1;4;11;25;44;16;11;9;35;1
"650";1047;800;25;840;33;1;4;11;64;44;16;11;9;35;1
"651";1047;800;25;840;33;1;4;11;64;80;16;11;9;35;1
"652";1047;800;25;840;33;1;4;11;64;80;34;11;9;35;1
"653";1047;800;25;840;33;1;4;11;64;80;34;20;9;35;1
"654";1047;800;25;840;33;1;4;11;64;80;34;20;3;35;1
"655";1047;800;25;840;33;1;4;11;64;80;34;20;3;17;1
"656";1047;800;25;840;33;1;4;11;64;80;34;20;3;17;4
"657";599;800;70;1020;24;21;2;7;25;56;22;14;9;11;5
"658";1271;800;70;1020;24;21;2;7;25;56;22;14;9;11;5
"659";1271;1700;70;1020;24;21;2;7;25;56;22;14;9;11;5
"660";1271;1700;25;1020;24;21;2;7;25;56;22;14;9;11;5
"661";1271;1700;25;480;24;21;2;7;25;56;22;14;9;11;5
"662";1271;1700;25;480;51;21;2;7;25;56;22;14;9;11;5
"663";1271;1700;25;480;51;9;2;7;25;56;22;14;9;11;5
"664";1271;1700;25;480;51;9;5;7;25;56;22;14;9;11;5
"665";1271;1700;25;480;51;9;5;10;25;56;22;14;9;11;5
"666";1271;1700;25;480;51;9;5;10;64;56;22;14;9;11;5
"667";1271;1700;25;480;51;9;5;10;64;20;22;14;9;11;5
"668";1271;1700;25;480;51;9;5;10;64;20;40;14;9;11;5
"669";1271;1700;25;480;51;9;5;10;64;20;40;5;9;11;5
"670";1271;1700;25;480;51;9;5;10;64;20;40;5;3;11;5
"671";1271;1700;25;480;51;9;5;10;64;20;40;5;3;29;5
"672";1271;1700;25;480;51;9;5;10;64;20;40;5;3;29;2
"673";1495;800;100;300;60;21;2;11;90;20;40;20;5;11;4
"674";823;800;100;300;60;21;2;11;90;20;40;20;5;11;4
"675";823;1700;100;300;60;21;2;11;90;20;40;20;5;11;4
"676";823;1700;55;300;60;21;2;11;90;20;40;20;5;11;4
"677";823;1700;55;840;60;21;2;11;90;20;40;20;5;11;4
"678";823;1700;55;840;33;21;2;11;90;20;40;20;5;11;4
"679";823;1700;55;840;33;9;2;11;90;20;40;20;5;11;4
"680";823;1700;55;840;33;9;5;11;90;20;40;20;5;11;4
"681";823;1700;55;840;33;9;5;8;90;20;40;20;5;11;4
"682";823;1700;55;840;33;9;5;8;51;20;40;20;5;11;4
"683";823;1700;55;840;33;9;5;8;51;56;40;20;5;11;4
"684";823;1700;55;840;33;9;5;8;51;56;22;20;5;11;4
"685";823;1700;55;840;33;9;5;8;51;56;22;11;5;11;4
"686";823;1700;55;840;33;9;5;8;51;56;22;11;11;11;4
"687";823;1700;55;840;33;9;5;8;51;56;22;11;11;29;4
"688";823;1700;55;840;33;9;5;8;51;56;22;11;11;29;1
"689";1495;800;25;480;42;1;6;11;25;56;40;14;1;5;5
"690";823;800;25;480;42;1;6;11;25;56;40;14;1;5;5
"691";823;1700;25;480;42;1;6;11;25;56;40;14;1;5;5
"692";823;1700;70;480;42;1;6;11;25;56;40;14;1;5;5
"693";823;1700;70;1020;42;1;6;11;25;56;40;14;1;5;5
"694";823;1700;70;1020;15;1;6;11;25;56;40;14;1;5;5
"695";823;1700;70;1020;15;13;6;11;25;56;40;14;1;5;5
"696";823;1700;70;1020;15;13;3;11;25;56;40;14;1;5;5
"697";823;1700;70;1020;15;13;3;8;25;56;40;14;1;5;5
"698";823;1700;70;1020;15;13;3;8;64;56;40;14;1;5;5
"699";823;1700;70;1020;15;13;3;8;64;20;40;14;1;5;5
"700";823;1700;70;1020;15;13;3;8;64;20;22;14;1;5;5
"701";823;1700;70;1020;15;13;3;8;64;20;22;5;1;5;5
"702";823;1700;70;1020;15;13;3;8;64;20;22;5;7;5;5
"703";823;1700;70;1020;15;13;3;8;64;20;22;5;7;23;5
"704";823;1700;70;1020;15;13;3;8;64;20;22;5;7;23;2
"705";1047;1400;100;1200;24;13;4;11;38;68;22;8;11;35;5
"706";375;1400;100;1200;24;13;4;11;38;68;22;8;11;35;5
"707";375;500;100;1200;24;13;4;11;38;68;22;8;11;35;5
"708";375;500;55;1200;24;13;4;11;38;68;22;8;11;35;5
"709";375;500;55;660;24;13;4;11;38;68;22;8;11;35;5
"710";375;500;55;660;51;13;4;11;38;68;22;8;11;35;5
"711";375;500;55;660;51;1;4;11;38;68;22;8;11;35;5
"712";375;500;55;660;51;1;1;11;38;68;22;8;11;35;5
"713";375;500;55;660;51;1;1;8;38;68;22;8;11;35;5
"714";375;500;55;660;51;1;1;8;77;68;22;8;11;35;5
"715";375;500;55;660;51;1;1;8;77;32;22;8;11;35;5
"716";375;500;55;660;51;1;1;8;77;32;40;8;11;35;5
"717";375;500;55;660;51;1;1;8;77;32;40;17;11;35;5
"718";375;500;55;660;51;1;1;8;77;32;40;17;5;35;5
"719";375;500;55;660;51;1;1;8;77;32;40;17;5;17;5
"720";375;500;55;660;51;1;1;8;77;32;40;17;5;17;2
"721";823;1100;100;840;15;13;1;8;51;56;40;11;11;35;1
"722";1495;1100;100;840;15;13;1;8;51;56;40;11;11;35;1
"723";1495;2000;100;840;15;13;1;8;51;56;40;11;11;35;1
"724";1495;2000;55;840;15;13;1;8;51;56;40;11;11;35;1
"725";1495;2000;55;300;15;13;1;8;51;56;40;11;11;35;1
"726";1495;2000;55;300;42;13;1;8;51;56;40;11;11;35;1
"727";1495;2000;55;300;42;1;1;8;51;56;40;11;11;35;1
"728";1495;2000;55;300;42;1;4;8;51;56;40;11;11;35;1
"729";1495;2000;55;300;42;1;4;11;51;56;40;11;11;35;1
"730";1495;2000;55;300;42;1;4;11;90;56;40;11;11;35;1
"731";1495;2000;55;300;42;1;4;11;90;20;40;11;11;35;1
"732";1495;2000;55;300;42;1;4;11;90;20;22;11;11;35;1
"733";1495;2000;55;300;42;1;4;11;90;20;22;20;11;35;1
"734";1495;2000;55;300;42;1;4;11;90;20;22;20;5;35;1
"735";1495;2000;55;300;42;1;4;11;90;20;22;20;5;17;1
"736";1495;2000;55;300;42;1;4;11;90;20;22;20;5;17;4
"737";823;1700;85;480;24;17;4;7;38;56;28;8;1;23;3
"738";1495;1700;85;480;24;17;4;7;38;56;28;8;1;23;3
"739";1495;800;85;480;24;17;4;7;38;56;28;8;1;23;3
"740";1495;800;40;480;24;17;4;7;38;56;28;8;1;23;3
"741";1495;800;40;1020;24;17;4;7;38;56;28;8;1;23;3
"742";1495;800;40;1020;51;17;4;7;38;56;28;8;1;23;3
"743";1495;800;40;1020;51;5;4;7;38;56;28;8;1;23;3
"744";1495;800;40;1020;51;5;1;7;38;56;28;8;1;23;3
"745";1495;800;40;1020;51;5;1;10;38;56;28;8;1;23;3
"746";1495;800;40;1020;51;5;1;10;77;56;28;8;1;23;3
"747";1495;800;40;1020;51;5;1;10;77;20;28;8;1;23;3
"748";1495;800;40;1020;51;5;1;10;77;20;10;8;1;23;3
"749";1495;800;40;1020;51;5;1;10;77;20;10;17;1;23;3
"750";1495;800;40;1020;51;5;1;10;77;20;10;17;7;23;3
"751";1495;800;40;1020;51;5;1;10;77;20;10;17;7;5;3
"752";1495;800;40;1020;51;5;1;10;77;20;10;17;7;5;6
"753";1047;1700;55;1020;33;9;6;8;51;56;22;11;3;23;6
"754";375;1700;55;1020;33;9;6;8;51;56;22;11;3;23;6
"755";375;800;55;1020;33;9;6;8;51;56;22;11;3;23;6
"756";375;800;100;1020;33;9;6;8;51;56;22;11;3;23;6
"757";375;800;100;480;33;9;6;8;51;56;22;11;3;23;6
"758";375;800;100;480;60;9;6;8;51;56;22;11;3;23;6
"759";375;800;100;480;60;21;6;8;51;56;22;11;3;23;6
"760";375;800;100;480;60;21;3;8;51;56;22;11;3;23;6
"761";375;800;100;480;60;21;3;11;51;56;22;11;3;23;6
"762";375;800;100;480;60;21;3;11;90;56;22;11;3;23;6
"763";375;800;100;480;60;21;3;11;90;20;22;11;3;23;6
"764";375;800;100;480;60;21;3;11;90;20;40;11;3;23;6
"765";375;800;100;480;60;21;3;11;90;20;40;20;3;23;6
"766";375;800;100;480;60;21;3;11;90;20;40;20;9;23;6
"767";375;800;100;480;60;21;3;11;90;20;40;20;9;5;6
"768";375;800;100;480;60;21;3;11;90;20;40;20;9;5;3
"769";823;500;55;1200;24;1;5;10;90;68;22;11;9;35;3
"770";1495;500;55;1200;24;1;5;10;90;68;22;11;9;35;3
"771";1495;1400;55;1200;24;1;5;10;90;68;22;11;9;35;3
"772";1495;1400;100;1200;24;1;5;10;90;68;22;11;9;35;3
"773";1495;1400;100;660;24;1;5;10;90;68;22;11;9;35;3
"774";1495;1400;100;660;51;1;5;10;90;68;22;11;9;35;3
"775";1495;1400;100;660;51;13;5;10;90;68;22;11;9;35;3
"776";1495;1400;100;660;51;13;2;10;90;68;22;11;9;35;3
"777";1495;1400;100;660;51;13;2;7;90;68;22;11;9;35;3
"778";1495;1400;100;660;51;13;2;7;51;68;22;11;9;35;3
"779";1495;1400;100;660;51;13;2;7;51;32;22;11;9;35;3
"780";1495;1400;100;660;51;13;2;7;51;32;40;11;9;35;3
"781";1495;1400;100;660;51;13;2;7;51;32;40;20;9;35;3
"782";1495;1400;100;660;51;13;2;7;51;32;40;20;3;35;3
"783";1495;1400;100;660;51;13;2;7;51;32;40;20;3;17;3
"784";1495;1400;100;660;51;13;2;7;51;32;40;20;3;17;6
"785";599;1100;70;840;60;13;2;8;64;80;10;5;11;5;3
"786";1271;1100;70;840;60;13;2;8;64;80;10;5;11;5;3
"787";1271;2000;70;840;60;13;2;8;64;80;10;5;11;5;3
"788";1271;2000;25;840;60;13;2;8;64;80;10;5;11;5;3
"789";1271;2000;25;300;60;13;2;8;64;80;10;5;11;5;3
"790";1271;2000;25;300;33;13;2;8;64;80;10;5;11;5;3
"791";1271;2000;25;300;33;1;2;8;64;80;10;5;11;5;3
"792";1271;2000;25;300;33;1;5;8;64;80;10;5;11;5;3
"793";1271;2000;25;300;33;1;5;11;64;80;10;5;11;5;3
"794";1271;2000;25;300;33;1;5;11;25;80;10;5;11;5;3
"795";1271;2000;25;300;33;1;5;11;25;44;10;5;11;5;3
"796";1271;2000;25;300;33;1;5;11;25;44;28;5;11;5;3
"797";1271;2000;25;300;33;1;5;11;25;44;28;14;11;5;3
"798";1271;2000;25;300;33;1;5;11;25;44;28;14;5;5;3
"799";1271;2000;25;300;33;1;5;11;25;44;28;14;5;23;3
"800";1271;2000;25;300;33;1;5;11;25;44;28;14;5;23;6
"801";375;1700;25;480;51;1;3;9;64;56;28;5;9;17;3
"802";1047;1700;25;480;51;1;3;9;64;56;28;5;9;17;3
"803";1047;800;25;480;51;1;3;9;64;56;28;5;9;17;3
"804";1047;800;70;480;51;1;3;9;64;56;28;5;9;17;3
"805";1047;800;70;1020;51;1;3;9;64;56;28;5;9;17;3
"806";1047;800;70;1020;24;1;3;9;64;56;28;5;9;17;3
"807";1047;800;70;1020;24;13;3;9;64;56;28;5;9;17;3
"808";1047;800;70;1020;24;13;6;9;64;56;28;5;9;17;3
"809";1047;800;70;1020;24;13;6;6;64;56;28;5;9;17;3
"810";1047;800;70;1020;24;13;6;6;25;56;28;5;9;17;3
"811";1047;800;70;1020;24;13;6;6;25;20;28;5;9;17;3
"812";1047;800;70;1020;24;13;6;6;25;20;10;5;9;17;3
"813";1047;800;70;1020;24;13;6;6;25;20;10;14;9;17;3
"814";1047;800;70;1020;24;13;6;6;25;20;10;14;3;17;3
"815";1047;800;70;1020;24;13;6;6;25;20;10;14;3;35;3
"816";1047;800;70;1020;24;13;6;6;25;20;10;14;3;35;6
"817";1047;1700;40;480;24;17;3;8;64;20;34;11;7;23;1
"818";375;1700;40;480;24;17;3;8;64;20;34;11;7;23;1
"819";375;800;40;480;24;17;3;8;64;20;34;11;7;23;1
"820";375;800;85;480;24;17;3;8;64;20;34;11;7;23;1
"821";375;800;85;1020;24;17;3;8;64;20;34;11;7;23;1
"822";375;800;85;1020;51;17;3;8;64;20;34;11;7;23;1
"823";375;800;85;1020;51;5;3;8;64;20;34;11;7;23;1
"824";375;800;85;1020;51;5;6;8;64;20;34;11;7;23;1
"825";375;800;85;1020;51;5;6;11;64;20;34;11;7;23;1
"826";375;800;85;1020;51;5;6;11;25;20;34;11;7;23;1
"827";375;800;85;1020;51;5;6;11;25;56;34;11;7;23;1
"828";375;800;85;1020;51;5;6;11;25;56;16;11;7;23;1
"829";375;800;85;1020;51;5;6;11;25;56;16;20;7;23;1
"830";375;800;85;1020;51;5;6;11;25;56;16;20;1;23;1
"831";375;800;85;1020;51;5;6;11;25;56;16;20;1;5;1
"832";375;800;85;1020;51;5;6;11;25;56;16;20;1;5;4
"833";1495;2000;100;840;33;21;2;6;25;80;16;5;11;35;2
"834";823;2000;100;840;33;21;2;6;25;80;16;5;11;35;2
"835";823;1100;100;840;33;21;2;6;25;80;16;5;11;35;2
"836";823;1100;55;840;33;21;2;6;25;80;16;5;11;35;2
"837";823;1100;55;300;33;21;2;6;25;80;16;5;11;35;2
"838";823;1100;55;300;60;21;2;6;25;80;16;5;11;35;2
"839";823;1100;55;300;60;9;2;6;25;80;16;5;11;35;2
"840";823;1100;55;300;60;9;5;6;25;80;16;5;11;35;2
"841";823;1100;55;300;60;9;5;9;25;80;16;5;11;35;2
"842";823;1100;55;300;60;9;5;9;64;80;16;5;11;35;2
"843";823;1100;55;300;60;9;5;9;64;44;16;5;11;35;2
"844";823;1100;55;300;60;9;5;9;64;44;34;5;11;35;2
"845";823;1100;55;300;60;9;5;9;64;44;34;14;11;35;2
"846";823;1100;55;300;60;9;5;9;64;44;34;14;5;35;2
"847";823;1100;55;300;60;9;5;9;64;44;34;14;5;17;2
"848";823;1100;55;300;60;9;5;9;64;44;34;14;5;17;5
"849";823;1400;40;1200;33;17;1;10;64;80;40;17;11;5;5
"850";1495;1400;40;1200;33;17;1;10;64;80;40;17;11;5;5
"851";1495;500;40;1200;33;17;1;10;64;80;40;17;11;5;5
"852";1495;500;85;1200;33;17;1;10;64;80;40;17;11;5;5
"853";1495;500;85;660;33;17;1;10;64;80;40;17;11;5;5
"854";1495;500;85;660;60;17;1;10;64;80;40;17;11;5;5
"855";1495;500;85;660;60;5;1;10;64;80;40;17;11;5;5
"856";1495;500;85;660;60;5;4;10;64;80;40;17;11;5;5
"857";1495;500;85;660;60;5;4;7;64;80;40;17;11;5;5
"858";1495;500;85;660;60;5;4;7;25;80;40;17;11;5;5
"859";1495;500;85;660;60;5;4;7;25;44;40;17;11;5;5
"860";1495;500;85;660;60;5;4;7;25;44;22;17;11;5;5
"861";1495;500;85;660;60;5;4;7;25;44;22;8;11;5;5
"862";1495;500;85;660;60;5;4;7;25;44;22;8;5;5;5
"863";1495;500;85;660;60;5;4;7;25;44;22;8;5;23;5
"864";1495;500;85;660;60;5;4;7;25;44;22;8;5;23;2
"865";1271;500;25;300;24;5;3;6;51;20;34;5;3;23;5
"866";599;500;25;300;24;5;3;6;51;20;34;5;3;23;5
"867";599;1400;25;300;24;5;3;6;51;20;34;5;3;23;5
"868";599;1400;70;300;24;5;3;6;51;20;34;5;3;23;5
"869";599;1400;70;840;24;5;3;6;51;20;34;5;3;23;5
"870";599;1400;70;840;51;5;3;6;51;20;34;5;3;23;5
"871";599;1400;70;840;51;17;3;6;51;20;34;5;3;23;5
"872";599;1400;70;840;51;17;6;6;51;20;34;5;3;23;5
"873";599;1400;70;840;51;17;6;9;51;20;34;5;3;23;5
"874";599;1400;70;840;51;17;6;9;90;20;34;5;3;23;5
"875";599;1400;70;840;51;17;6;9;90;56;34;5;3;23;5
"876";599;1400;70;840;51;17;6;9;90;56;16;5;3;23;5
"877";599;1400;70;840;51;17;6;9;90;56;16;14;3;23;5
"878";599;1400;70;840;51;17;6;9;90;56;16;14;9;23;5
"879";599;1400;70;840;51;17;6;9;90;56;16;14;9;5;5
"880";599;1400;70;840;51;17;6;9;90;56;16;14;9;5;2
"881";599;800;70;300;60;5;3;7;90;80;34;17;1;17;2
"882";1271;800;70;300;60;5;3;7;90;80;34;17;1;17;2
"883";1271;1700;70;300;60;5;3;7;90;80;34;17;1;17;2
"884";1271;1700;25;300;60;5;3;7;90;80;34;17;1;17;2
"885";1271;1700;25;840;60;5;3;7;90;80;34;17;1;17;2
"886";1271;1700;25;840;33;5;3;7;90;80;34;17;1;17;2
"887";1271;1700;25;840;33;17;3;7;90;80;34;17;1;17;2
"888";1271;1700;25;840;33;17;6;7;90;80;34;17;1;17;2
"889";1271;1700;25;840;33;17;6;10;90;80;34;17;1;17;2
"890";1271;1700;25;840;33;17;6;10;51;80;34;17;1;17;2
"891";1271;1700;25;840;33;17;6;10;51;44;34;17;1;17;2
"892";1271;1700;25;840;33;17;6;10;51;44;16;17;1;17;2
"893";1271;1700;25;840;33;17;6;10;51;44;16;8;1;17;2
"894";1271;1700;25;840;33;17;6;10;51;44;16;8;7;17;2
"895";1271;1700;25;840;33;17;6;10;51;44;16;8;7;35;2
"896";1271;1700;25;840;33;17;6;10;51;44;16;8;7;35;5
"897";1495;1400;100;300;15;17;3;9;64;44;34;8;11;5;3
"898";823;1400;100;300;15;17;3;9;64;44;34;8;11;5;3
"899";823;500;100;300;15;17;3;9;64;44;34;8;11;5;3
"900";823;500;55;300;15;17;3;9;64;44;34;8;11;5;3
"901";823;500;55;840;15;17;3;9;64;44;34;8;11;5;3
"902";823;500;55;840;42;17;3;9;64;44;34;8;11;5;3
"903";823;500;55;840;42;5;3;9;64;44;34;8;11;5;3
"904";823;500;55;840;42;5;6;9;64;44;34;8;11;5;3
"905";823;500;55;840;42;5;6;6;64;44;34;8;11;5;3
"906";823;500;55;840;42;5;6;6;25;44;34;8;11;5;3
"907";823;500;55;840;42;5;6;6;25;80;34;8;11;5;3
"908";823;500;55;840;42;5;6;6;25;80;16;8;11;5;3
"909";823;500;55;840;42;5;6;6;25;80;16;17;11;5;3
"910";823;500;55;840;42;5;6;6;25;80;16;17;5;5;3
"911";823;500;55;840;42;5;6;6;25;80;16;17;5;23;3
"912";823;500;55;840;42;5;6;6;25;80;16;17;5;23;6
"913";599;500;40;480;51;1;5;10;38;80;34;17;5;5;3
"914";1271;500;40;480;51;1;5;10;38;80;34;17;5;5;3
"915";1271;1400;40;480;51;1;5;10;38;80;34;17;5;5;3
"916";1271;1400;85;480;51;1;5;10;38;80;34;17;5;5;3
"917";1271;1400;85;1020;51;1;5;10;38;80;34;17;5;5;3
"918";1271;1400;85;1020;24;1;5;10;38;80;34;17;5;5;3
"919";1271;1400;85;1020;24;13;5;10;38;80;34;17;5;5;3
"920";1271;1400;85;1020;24;13;2;10;38;80;34;17;5;5;3
"921";1271;1400;85;1020;24;13;2;7;38;80;34;17;5;5;3
"922";1271;1400;85;1020;24;13;2;7;77;80;34;17;5;5;3
"923";1271;1400;85;1020;24;13;2;7;77;44;34;17;5;5;3
"924";1271;1400;85;1020;24;13;2;7;77;44;16;17;5;5;3
"925";1271;1400;85;1020;24;13;2;7;77;44;16;8;5;5;3
"926";1271;1400;85;1020;24;13;2;7;77;44;16;8;11;5;3
"927";1271;1400;85;1020;24;13;2;7;77;44;16;8;11;23;3
"928";1271;1400;85;1020;24;13;2;7;77;44;16;8;11;23;6
"929";1271;800;100;480;33;1;4;8;51;80;28;8;7;5;5
"930";599;800;100;480;33;1;4;8;51;80;28;8;7;5;5
"931";599;1700;100;480;33;1;4;8;51;80;28;8;7;5;5
"932";599;1700;55;480;33;1;4;8;51;80;28;8;7;5;5
"933";599;1700;55;1020;33;1;4;8;51;80;28;8;7;5;5
"934";599;1700;55;1020;60;1;4;8;51;80;28;8;7;5;5
"935";599;1700;55;1020;60;13;4;8;51;80;28;8;7;5;5
"936";599;1700;55;1020;60;13;1;8;51;80;28;8;7;5;5
"937";599;1700;55;1020;60;13;1;11;51;80;28;8;7;5;5
"938";599;1700;55;1020;60;13;1;11;90;80;28;8;7;5;5
"939";599;1700;55;1020;60;13;1;11;90;44;28;8;7;5;5
"940";599;1700;55;1020;60;13;1;11;90;44;10;8;7;5;5
"941";599;1700;55;1020;60;13;1;11;90;44;10;17;7;5;5
"942";599;1700;55;1020;60;13;1;11;90;44;10;17;1;5;5
"943";599;1700;55;1020;60;13;1;11;90;44;10;17;1;23;5
"944";599;1700;55;1020;60;13;1;11;90;44;10;17;1;23;2
"945";823;800;70;480;42;1;5;9;77;32;34;5;1;23;1
"946";1495;800;70;480;42;1;5;9;77;32;34;5;1;23;1
"947";1495;1700;70;480;42;1;5;9;77;32;34;5;1;23;1
"948";1495;1700;25;480;42;1;5;9;77;32;34;5;1;23;1
"949";1495;1700;25;1020;42;1;5;9;77;32;34;5;1;23;1
"950";1495;1700;25;1020;15;1;5;9;77;32;34;5;1;23;1
"951";1495;1700;25;1020;15;13;5;9;77;32;34;5;1;23;1
"952";1495;1700;25;1020;15;13;2;9;77;32;34;5;1;23;1
"953";1495;1700;25;1020;15;13;2;6;77;32;34;5;1;23;1
"954";1495;1700;25;1020;15;13;2;6;38;32;34;5;1;23;1
"955";1495;1700;25;1020;15;13;2;6;38;68;34;5;1;23;1
"956";1495;1700;25;1020;15;13;2;6;38;68;16;5;1;23;1
"957";1495;1700;25;1020;15;13;2;6;38;68;16;14;1;23;1
"958";1495;1700;25;1020;15;13;2;6;38;68;16;14;7;23;1
"959";1495;1700;25;1020;15;13;2;6;38;68;16;14;7;5;1
"960";1495;1700;25;1020;15;13;2;6;38;68;16;14;7;5;4
